Workbook

Sheet orders
A1: ID | B1: accoutid | C1: CLIENTE | D1: FECHA | E1: TOTAL | F1: ESTADO | G1: FLOW | H1: CANAL | I1: CAJAS
A2: DIR-#1003 | B2: {=IFERROR( INDEX(accounts!A:A, MATCH(CLEAN(TRIM(UPPER(C2))), CLEAN(TRIM(UPPER(accounts!B:B))), 0)), "shopify" )} -> shopify | C2: Venta Online | D2: 45803 | E2: 47.99 | F2: paid | G2: DIRECT | H2: ONLINE | I2: 0.0
A3: DIR-nan | B3: {=IFERROR( INDEX(accounts!A:A, MATCH(CLEAN(TRIM(UPPER(C3))), CLEAN(TRIM(UPPER(accounts!B:B))), 0)), "shopify" )} -> acc_147 | C3: Ingo Gestión de activos | D3: 45834 | E3: 288.0 | F3: paid | G3: DIRECT | H3: PRIVADA | I3: 6.0
A4: DIR-nan | B4: {=IFERROR( INDEX(accounts!A:A, MATCH(CLEAN(TRIM(UPPER(C4))), CLEAN(TRIM(UPPER(accounts!B:B))), 0)), "shopify" )} -> acc_147 | C4: Ingo Gestión de activos | D4: 45834 | E4: 480.0 | F4: paid | G4: DIRECT | H4: PRIVADA | I4: 10.0
A5: DIR-#1005 | B5: {=IFERROR( INDEX(accounts!A:A, MATCH(CLEAN(TRIM(UPPER(C5))), CLEAN(TRIM(UPPER(accounts!B:B))), 0)), "shopify" )} -> shopify | C5: Venta Online | D5: 45835 | E5: 175.25 | F5: paid | G5: DIRECT | H5: ONLINE | I5: 2.0
A6: DIR-nan | B6: {=IFERROR( INDEX(accounts!A:A, MATCH(CLEAN(TRIM(UPPER(C6))), CLEAN(TRIM(UPPER(accounts!B:B))), 0)), "shopify" )} -> acc_147 | C6: Ingo Gestión de activos | D6: 45839 | E6: 960.0 | F6: paid | G6: DIRECT | H6: PRIVADA | I6: 20.0
A7: DIR-nan | B7: {=IFERROR( INDEX(accounts!A:A, MATCH(CLEAN(TRIM(UPPER(C7))), CLEAN(TRIM(UPPER(accounts!B:B))), 0)), "shopify" )} -> acc_147 | C7: Ingo Gestión de activos | D7: 45842 | E7: 480.0 | F7: paid | G7: DIRECT | H7: PRIVADA | I7: 10.0
A8: DIR-#1007 | B8: {=IFERROR( INDEX(accounts!A:A, MATCH(CLEAN(TRIM(UPPER(C8))), CLEAN(TRIM(UPPER(accounts!B:B))), 0)), "shopify" )} -> shopify | C8: Venta Online | D8: 45843 | E8: 124.37 | F8: paid | G8: DIRECT | H8: ONLINE | I8: 1.0
A9: DIR-#1007 | B9: {=IFERROR( INDEX(accounts!A:A, MATCH(CLEAN(TRIM(UPPER(C9))), CLEAN(TRIM(UPPER(accounts!B:B))), 0)), "shopify" )} -> shopify | C9: Venta Online | D9: 45855 | E9: 54.5 | F9: paid | G9: DIRECT | H9: ONLINE | I9: 0.0
A10: DIR-#1008 | B10: {=IFERROR( INDEX(accounts!A:A, MATCH(CLEAN(TRIM(UPPER(C10))), CLEAN(TRIM(UPPER(accounts!B:B))), 0)), "shopify" )} -> shopify | C10: Venta Online | D10: 45856 | E10: 105.6 | F10: paid | G10: DIRECT | H10: ONLINE | I10: 1.0
A11: DIR-#1009 | B11: {=IFERROR( INDEX(accounts!A:A, MATCH(CLEAN(TRIM(UPPER(C11))), CLEAN(TRIM(UPPER(accounts!B:B))), 0)), "shopify" )} -> shopify | C11: Venta Online | D11: 45856 | E11: 144.0 | F11: paid | G11: DIRECT | H11: ONLINE | I11: 1.0
A12: DIR-#1010 | B12: {=IFERROR( INDEX(accounts!A:A, MATCH(CLEAN(TRIM(UPPER(C12))), CLEAN(TRIM(UPPER(accounts!B:B))), 0)), "shopify" )} -> shopify | C12: Venta Online | D12: 45859 | E12: 132.0 | F12: paid | G12: DIRECT | H12: ONLINE | I12: 1.0
A13: DIR-#1011 | B13: {=IFERROR( INDEX(accounts!A:A, MATCH(CLEAN(TRIM(UPPER(C13))), CLEAN(TRIM(UPPER(accounts!B:B))), 0)), "shopify" )} -> shopify | C13: Venta Online | D13: 45862 | E13: 132.0 | F13: paid | G13: DIRECT | H13: ONLINE | I13: 1.0
... A27: DIR-#1024 | B27: {=IFERROR( INDEX(accounts!A:A, MATCH(CLEAN(TRIM(UPPER(C27))), CLEAN(TRIM(UPPER(accounts!B:B))), 0)), "shopify" )} -> shopify | C27: Venta Online | D27: 45873 | E27: 105.6 | F27: paid | G27: DIRECT | H27: ONLINE | I27: 1.0
A28: DIR-#1025 | B28: {=IFERROR( INDEX(accounts!A:A, MATCH(CLEAN(TRIM(UPPER(C28))), CLEAN(TRIM(UPPER(accounts!B:B))), 0)), "shopify" )} -> shopify | C28: Venta Online | D28: 45873 | E28: 45803 | F28: paid | G28: DIRECT | H28: ONLINE | I28: 0.0
A29: DIR-#1026 | B29: {=IFERROR( INDEX(accounts!A:A, MATCH(CLEAN(TRIM(UPPER(C29))), CLEAN(TRIM(UPPER(accounts!B:B))), 0)), "shopify" )} -> shopify | C29: Venta Online | D29: 45874 | E29: 105.6 | F29: paid | G29: DIRECT | H29: ONLINE | I29: 1.0
A30: DIR-#1027 | B30: {=IFERROR( INDEX(accounts!A:A, MATCH(CLEAN(TRIM(UPPER(C30))), CLEAN(TRIM(UPPER(accounts!B:B))), 0)), "shopify" )} -> shopify | C30: Venta Online | D30: 45874 | E30: 44.9 | F30: paid | G30: DIRECT | H30: ONLINE | I30: 0.0
A31: DIR-#1028 | B31: {=IFERROR( INDEX(accounts!A:A, MATCH(CLEAN(TRIM(UPPER(C31))), CLEAN(TRIM(UPPER(accounts!B:B))), 0)), "shopify" )} -> shopify | C31: Venta Online | D31: 45875 | E31: 105.6 | F31: paid | G31: DIRECT | H31: ONLINE | I31: 1.0
A32: DIR-#1029 | B32: {=IFERROR( INDEX(accounts!A:A, MATCH(CLEAN(TRIM(UPPER(C32))), CLEAN(TRIM(UPPER(accounts!B:B))), 0)), "shopify" )} -> shopify | C32: Venta Online | D32: 45875 | E32: 105.6 | F32: paid | G32: DIRECT | H32: ONLINE | I32: 1.0
A33: DIR-#1031 | B33: {=IFERROR( INDEX(accounts!A:A, MATCH(CLEAN(TRIM(UPPER(C33))), CLEAN(TRIM(UPPER(accounts!B:B))), 0)), "shopify" )} -> shopify | C33: Venta Online | D33: 45878 | E33: 44.9 | F33: paid | G33: DIRECT | H33: ONLINE | I33: 0.0
A34: DIR-#1032 | B34: {=IFERROR( INDEX(accounts!A:A, MATCH(CLEAN(TRIM(UPPER(C34))), CLEAN(TRIM(UPPER(accounts!B:B))), 0)), "shopify" )} -> shopify | C34: Venta Online | D34: 45879 | E34: 105.6 | F34: paid | G34: DIRECT | H34: ONLINE | I34: 1.0
A35: DIR-nan | B35: {=IFERROR( INDEX(accounts!A:A, MATCH(CLEAN(TRIM(UPPER(C35))), CLEAN(TRIM(UPPER(accounts!B:B))), 0)), "shopify" )} -> shopify | C35: Venta Online | D35: 45879 | E35: 47.78 | F35: paid | G35: DIRECT | H35: ONLINE | I35: 0.0
A36: DIR-#1035 | B36: {=IFERROR( INDEX(accounts!A:A, MATCH(CLEAN(TRIM(UPPER(C36))), CLEAN(TRIM(UPPER(accounts!B:B))), 0)), "shopify" )} -> shopify | C36: Venta Online | D36: 45886 | E36: 105.6 | F36: paid | G36: DIRECT | H36: ONLINE | I36: 1.0
A37: DIR-#1036 | B37: {=IFERROR( INDEX(accounts!A:A, MATCH(CLEAN(TRIM(UPPER(C37))), CLEAN(TRIM(UPPER(accounts!B:B))), 0)), "shopify" )} -> shopify | C37: Venta Online | D37: 45888 | E37: 132.0 | F37: paid | G37: DIRECT | H37: ONLINE | I37: 1.0
A38: DIR-#1038 | B38: {=IFERROR( INDEX(accounts!A:A, MATCH(CLEAN(TRIM(UPPER(C38))), CLEAN(TRIM(UPPER(accounts!B:B))), 0)), "shopify" )} -> shopify | C38: Venta Online | D38: 45889 | E38: 105.6 | F38: paid | G38: DIRECT | H38: ONLINE | I38: 1.0
A39: DIR-#1040 | B39: {=IFERROR( INDEX(accounts!A:A, MATCH(CLEAN(TRIM(UPPER(C39))), CLEAN(TRIM(UPPER(accounts!B:B))), 0)), "shopify" )} -> shopify | C39: Venta Online | D39: 45891 | E39: 66.0 | F39: paid | G39: DIRECT | H39: ONLINE | I39: 1.0
A40: DIR-#1041 | B40: {=IFERROR( INDEX(accounts!A:A, MATCH(CLEAN(TRIM(UPPER(C40))), CLEAN(TRIM(UPPER(accounts!B:B))), 0)), "shopify" )} -> shopify | C40: Venta Online | D40: 45892 | E40: 132.0 | F40: paid | G40: DIRECT | H40: ONLINE | I40: 1.0
A41: DIR-#1042 | B41: {=IFERROR( INDEX(accounts!A:A, MATCH(CLEAN(TRIM(UPPER(C41))), CLEAN(TRIM(UPPER(accounts!B:B))), 0)), "shopify" )} -> shopify | C41: Venta Online | D41: 45894 | E41: 105.6 | F41: paid | G41: DIRECT | H41: ONLINE | I41: 1.0
A42: DIR-#1043 | B42: {=IFERROR( INDEX(accounts!A:A, MATCH(CLEAN(TRIM(UPPER(C42))), CLEAN(TRIM(UPPER(accounts!B:B))), 0)), "shopify" )} -> shopify | C42: Venta Online | D42: 45896 | E42: 45803 | F42: paid | G42: DIRECT | H42: ONLINE | I42: 0.0
A43: DIR-#1045 | B43: {=IFERROR( INDEX(accounts!A:A, MATCH(CLEAN(TRIM(UPPER(C43))), CLEAN(TRIM(UPPER(accounts!B:B))), 0)), "shopify" )} -> shopify | C43: Venta Online | D43: 45897 | E43: 132.0 | F43: paid | G43: DIRECT | H43: ONLINE | I43: 1.0
A44: DIR-#1046 | B44: {=IFERROR( INDEX(accounts!A:A, MATCH(CLEAN(TRIM(UPPER(C44))), CLEAN(TRIM(UPPER(accounts!B:B))), 0)), "shopify" )} -> shopify | C44: Venta Online | D44: 45900 | E44: 105.6 | F44: paid | G44: DIRECT | H44: ONLINE | I44: 1.0
A45: DIR-#1047 | B45: {=IFERROR( INDEX(accounts!A:A, MATCH(CLEAN(TRIM(UPPER(C45))), CLEAN(TRIM(UPPER(accounts!B:B))), 0)), "shopify" )} -> shopify | C45: Venta Online | D45: 45900 | E45: 45808 | F45: paid | G45: DIRECT | H45: ONLINE | I45: 0.0
A46: DIR-#1048 | B46: {=IFERROR( INDEX(accounts!A:A, MATCH(CLEAN(TRIM(UPPER(C46))), CLEAN(TRIM(UPPER(accounts!B:B))), 0)), "shopify" )} -> shopify | C46: Venta Online | D46: 45900 | E46: 660.0 | F46: paid | G46: DIRECT | H46: ONLINE | I46: 5.0
A47: DIR-#1049 | B47: {=IFERROR( INDEX(accounts!A:A, MATCH(CLEAN(TRIM(UPPER(C47))), CLEAN(TRIM(UPPER(accounts!B:B))), 0)), "shopify" )} -> shopify | C47: Venta Online | D47: 45902 | E47: 105.6 | F47: paid | G47: DIRECT | H47: ONLINE | I47: 1.0
A48: DIR-#1050 | B48: {=IFERROR( INDEX(accounts!A:A, MATCH(CLEAN(TRIM(UPPER(C48))), CLEAN(TRIM(UPPER(accounts!B:B))), 0)), "shopify" )} -> shopify | C48: Venta Online | D48: 45905 | E48: 54.5 | F48: paid | G48: DIRECT | H48: ONLINE | I48: 0.33
A49: DIR-F25006 | B49: {=IFERROR( INDEX(accounts!A:A, MATCH(CLEAN(TRIM(UPPER(C49))), CLEAN(TRIM(UPPER(accounts!B:B))), 0)), "shopify" )} -> acc_149 | C49: Servilline Foods | D49: 45908 | E49: 1380.0 | F49: paid | G49: DIRECT | H49: DISTRIBUIDOR | I49: 20.0
A50: DIR-F25005 | B50: {=IFERROR( INDEX(accounts!A:A, MATCH(CLEAN(TRIM(UPPER(C50))), CLEAN(TRIM(UPPER(accounts!B:B))), 0)), "shopify" )} -> acc_057 | C50: Real Club de Golf de Sotongrande | D50: 45909 | E50: 508.2 | F50: paid | G50: DIRECT | H50: HORECA | I50: 5.0
A51: DIR-#1051 | B51: {=IFERROR( INDEX(accounts!A:A, MATCH(CLEAN(TRIM(UPPER(C51))), CLEAN(TRIM(UPPER(accounts!B:B))), 0)), "shopify" )} -> shopify | C51: Venta Online | D51: 45909 | E51: 342.2 | F51: paid | G51: DIRECT | H51: ONLINE | I51: 4.0
A52: DIR-F25008 | B52: {=IFERROR( INDEX(accounts!A:A, MATCH(CLEAN(TRIM(UPPER(C52))), CLEAN(TRIM(UPPER(accounts!B:B))), 0)), "shopify" )} -> acc_150 | C52: Devnis Menorca | D52: 45912 | E52: 1043.62 | F52: paid | G52: DIRECT | H52: DISTRIBUIDOR | I52: 15.0
A53: DIR-#1052 | B53: {=IFERROR( INDEX(accounts!A:A, MATCH(CLEAN(TRIM(UPPER(C53))), CLEAN(TRIM(UPPER(accounts!B:B))), 0)), "shopify" )} -> shopify | C53: Venta Online | D53: 45912 | E53: 54.5 | F53: paid | G53: DIRECT | H53: ONLINE | I53: 0.33
A54: DIR-F25009 | B54: {=IFERROR( INDEX(accounts!A:A, MATCH(CLEAN(TRIM(UPPER(C54))), CLEAN(TRIM(UPPER(accounts!B:B))), 0)), "shopify" )} -> acc_142 | C54: Importaciones Cuesta | D54: 45913 | E54: 958.32 | F54: paid | G54: DIRECT | H54: DISTRIBUIDOR | I54: 45793
A55: DIR-F250010 | B55: {=IFERROR( INDEX(accounts!A:A, MATCH(CLEAN(TRIM(UPPER(C55))), CLEAN(TRIM(UPPER(accounts!B:B))), 0)), "shopify" )} -> acc_147 | C55: Ingo Gestión de activos | D55: 45913 | E55: 232.32 | F55: paid | G55: DIRECT | H55: PRIVADA | I55: 4.0
A56: DIR-#1053 | B56: {=IFERROR( INDEX(accounts!A:A, MATCH(CLEAN(TRIM(UPPER(C56))), CLEAN(TRIM(UPPER(accounts!B:B))), 0)), "shopify" )} -> shopify | C56: Venta Online | D56: 45916 | E56: 105.6 | F56: paid | G56: DIRECT | H56: ONLINE | I56: 1.0
A57: PLC-20250919-0133 | B57: {=IFERROR( INDEX(accounts!A:A, MATCH(CLEAN(TRIM(UPPER(C57))), CLEAN(TRIM(UPPER(accounts!B:B))), 0)), "shopify" )} -> acc_125 | C57: Il Patisiere | D57: 45919 | E57: 72.0 | F57: open | G57: PLACEMENT | H57: DISTRIBUIDOR | I57: 1.0
A58: PLC-20250919-0132 | B58: {=IFERROR( INDEX(accounts!A:A, MATCH(CLEAN(TRIM(UPPER(C58))), CLEAN(TRIM(UPPER(accounts!B:B))), 0)), "shopify" )} -> acc_124 | C58: La Rotonda de Mirasierra | D58: 45919 | E58: 144.0 | F58: open | G58: PLACEMENT | H58: DISTRIBUIDOR | I58: 2.0
A59: PLC-20250919-0131 | B59: {=IFERROR( INDEX(accounts!A:A, MATCH(CLEAN(TRIM(UPPER(C59))), CLEAN(TRIM(UPPER(accounts!B:B))), 0)), "shopify" )} -> acc_123 | C59: Uval | D59: 45919 | E59: 72.0 | F59: open | G59: PLACEMENT | H59: DISTRIBUIDOR | I59: 1.0
A60: DIR-2500011 | B60: {=IFERROR( INDEX(accounts!A:A, MATCH(CLEAN(TRIM(UPPER(C60))), CLEAN(TRIM(UPPER(accounts!B:B))), 0)), "shopify" )} -> acc_145 | C60: Alejandra de la oliva | D60: 45926 | E60: 417.45 | F60: paid | G60: DIRECT | H60: PRIVADA | I60: 5.0
A61: DIR-2500015 | B61: {=IFERROR( INDEX(accounts!A:A, MATCH(CLEAN(TRIM(UPPER(C61))), CLEAN(TRIM(UPPER(accounts!B:B))), 0)), "shopify" )} -> acc_141 | C61: Bodegas Jaime | D61: 45926 | E61: 689.7 | F61: paid | G61: DIRECT | H61: DISTRIBUIDOR | I61: 10.0
A62: DIR-2500017 | B62: {=IFERROR( INDEX(accounts!A:A, MATCH(CLEAN(TRIM(UPPER(C62))), CLEAN(TRIM(UPPER(accounts!B:B))), 0)), "shopify" )} -> acc_139 | C62: Escola | D62: 45926 | E62: 689.7 | F62: paid | G62: DIRECT | H62: DISTRIBUIDOR | I62: 10.0
A63: DIR-2500018 | B63: {=IFERROR( INDEX(accounts!A:A, MATCH(CLEAN(TRIM(UPPER(C63))), CLEAN(TRIM(UPPER(accounts!B:B))), 0)), "shopify" )} -> acc_139 | C63: Escola | D63: 45926 | E63: 4064.45 | F63: paid | G63: DIRECT | H63: DISTRIBUIDOR | I63: 50.0
A64: DIR-2500013 | B64: {=IFERROR( INDEX(accounts!A:A, MATCH(CLEAN(TRIM(UPPER(C64))), CLEAN(TRIM(UPPER(accounts!B:B))), 0)), "shopify" )} -> acc_142 | C64: Importaciones Cuesta | D64: 45926 | E64: 1442.32 | F64: paid | G64: DIRECT | H64: DISTRIBUIDOR | I64: 25.0
A65: DIR-2500016 | B65: {=IFERROR( INDEX(accounts!A:A, MATCH(CLEAN(TRIM(UPPER(C65))), CLEAN(TRIM(UPPER(accounts!B:B))), 0)), "shopify" )} -> acc_140 | C65: Isla Catavinos | D65: 45926 | E65: 689.7 | F65: paid | G65: DIRECT | H65: DISTRIBUIDOR | I65: 10.0
A66: DIR-2500012 | B66: {=IFERROR( INDEX(accounts!A:A, MATCH(CLEAN(TRIM(UPPER(C66))), CLEAN(TRIM(UPPER(accounts!B:B))), 0)), "shopify" )} -> acc_144 | C66: Miguel garcía | D66: 45926 | E66: 417.45 | F66: paid | G66: DIRECT | H66: PRIVADA | I66: 5.0
... A92: DIR-F25007 | B92: {=IFERROR( INDEX(accounts!A:A, MATCH(CLEAN(TRIM(UPPER(C92))), CLEAN(TRIM(UPPER(accounts!B:B))), 0)), "shopify" )} -> shopify | C92: Devins Menorca | D92: 46001 | E92: 7972.73 | F92: paid | G92: DIRECT | H92: DISTRIBUIDOR | I92: 120.0
A93: DIR-#1054 | B93: {=IFERROR( INDEX(accounts!A:A, MATCH(CLEAN(TRIM(UPPER(C93))), CLEAN(TRIM(UPPER(accounts!B:B))), 0)), "shopify" )} -> shopify | C93: Venta Online | E93: 44.9 | F93: paid | G93: DIRECT | H93: ONLINE | I93: 0.33

Sheet Hoja 1
A1: id | B1: Nombre | C1: source | D1: ownerId | E1: Segment | F1: Stage | G1: FLow | H1: distributorPartyId | I1: Contacto | K1: FLow | L1: Stage | M1: Distribuidor | N1: ownerId | O1: ownerId | Q1: City
A2: acc_001 | B2: Chez Pepito | C2: =IFERROR(__xludf.DUMMYFUNCTION("IFS( REGEXMATCH(LOWER(TRIM(N2)),""nico""), ""us_001"", REGEXMATCH(LOWER(TRIM(N2)),""alfonso""), ""us_002"", REGEXMATCH(LOWER(TRIM(N2)),""patxi""), ""us_003"", REGEXMATCH(LOWER(TRIM(N2)),""martin""), ""us_004"", TRUE, ""us_999"" )"),"us_002") -> us_002 | D2: =IFERROR(__xludf.DUMMYFUNCTION("ARRAYFORMULA( IF(N2:N999="""", , IFS( REGEXMATCH(LOWER(TRIM(N2:N999)),""nico""), ""us_001"", REGEXMATCH(LOWER(TRIM(N2:N999)),""alfonso""), ""us_002"", REGEXMATCH(LOWER(TRIM(N2:N999)),""patxi""), ""us_003"", REGEXMATCH(LOW"&"ER(TRIM(N2:N999)),""martin""), ""us_004"", TRUE, ""us_999"" ) ) ) "),"us_002") -> us_002 | E2: Horeca | F2: =IFERROR(__xludf.DUMMYFUNCTION("LET( s, UPPER(TRIM(N2)), IF(REGEXMATCH(s,""CLOSED.*WON""), ""ACTIVA"", IF(REGEXMATCH(s,""CLOSED.*LOST""), ""FALLIDA"", IF(REGEXMATCH(s,""CONTACT.*NEXT.*SEASON""), ""POTENCIAL"", IF(REGEXMATCH(s,""\bLEAD\b""), ""LEAD"", IF(REGEXMATCH(s,""INTERE"&"ST|POTENTIAL""), ""SEGUIMIENTO"", ""SEGUIMIENTO""))))) ) "),"SEGUIMIENTO") -> SEGUIMIENTO | G2: Placement | H2: =IFERROR(__xludf.DUMMYFUNCTION("IFS( REGEXMATCH(LOWER(TRIM(U2)),""barcelona""), ""acc_139"", REGEXMATCH(LOWER(TRIM(U2)),""madrid""), ""acc_148"", REGEXMATCH(LOWER(TRIM(U2)),""zaragoza""), ""acc_149"", REGEXMATCH(LOWER(TRIM(U2)),""ibiza""), ""acc_140"", REGEXMATCH(LOWER(TRIM(U2"&")),""mallorca""), ""acc_140"", REGEXMATCH(LOWER(TRIM(U2)),""menorca""), ""acc_150"", TRUE, """" ) "),"acc_148") -> acc_148 | I2: Romin | K2: Placement | L2: =IFERROR(__xludf.DUMMYFUNCTION("LET( s, UPPER(TRIM(T2)), IF(REGEXMATCH(s,""CLOSED.*WON""), ""ACTIVA"", IF(REGEXMATCH(s,""CLOSED.*LOST""), ""FALLIDA"", IF(REGEXMATCH(s,""CONTACT.*NEXT.*SEASON""), ""POTENCIAL"", IF(REGEXMATCH(s,""\bLEAD\b""), ""LEAD"", IF(REGEXMATCH(s,""INTERE"&"ST|POTENTIAL""), ""SEGUIMIENTO"", ""SEGUIMIENTO""))))) ) "),"ACTIVA") -> ACTIVA | N2: =V2 -> Alfonso | O2: =W2 -> 2 cajas | S2: TRUE | T2: CLOSED / WON | U2: Madrid | V2: Alfonso | W2: 2 cajas
A3: acc_002 | B3: eMeBe | C3: =IFERROR(__xludf.DUMMYFUNCTION("IFS( REGEXMATCH(LOWER(TRIM(N3)),""nico""), ""us_001"", REGEXMATCH(LOWER(TRIM(N3)),""alfonso""), ""us_002"", REGEXMATCH(LOWER(TRIM(N3)),""patxi""), ""us_003"", REGEXMATCH(LOWER(TRIM(N3)),""martin""), ""us_004"", TRUE, ""us_999"" )"),"us_001") -> us_001 | D3: =IFERROR(__xludf.DUMMYFUNCTION("""COMPUTED_VALUE"""),"us_001") -> us_001 | E3: Horeca | F3: =IFERROR(__xludf.DUMMYFUNCTION("LET( s, UPPER(TRIM(N3)), IF(REGEXMATCH(s,""CLOSED.*WON""), ""ACTIVA"", IF(REGEXMATCH(s,""CLOSED.*LOST""), ""FALLIDA"", IF(REGEXMATCH(s,""CONTACT.*NEXT.*SEASON""), ""POTENCIAL"", IF(REGEXMATCH(s,""\bLEAD\b""), ""LEAD"", IF(REGEXMATCH(s,""INTERE"&"ST|POTENTIAL""), ""SEGUIMIENTO"", ""SEGUIMIENTO""))))) ) "),"SEGUIMIENTO") -> SEGUIMIENTO | G3: Placement | H3: =IFERROR(__xludf.DUMMYFUNCTION("IFS( REGEXMATCH(LOWER(TRIM(U3)),""barcelona""), ""acc_139"", REGEXMATCH(LOWER(TRIM(U3)),""madrid""), ""acc_148"", REGEXMATCH(LOWER(TRIM(U3)),""zaragoza""), ""acc_149"", REGEXMATCH(LOWER(TRIM(U3)),""ibiza""), ""acc_140"", REGEXMATCH(LOWER(TRIM(U3"&")),""mallorca""), ""acc_140"", REGEXMATCH(LOWER(TRIM(U3)),""menorca""), ""acc_150"", TRUE, """" ) "),"acc_148") -> acc_148 | I3: Miguel | K3: Placement | L3: =IFERROR(__xludf.DUMMYFUNCTION("LET( s, UPPER(TRIM(T3)), IF(REGEXMATCH(s,""CLOSED.*WON""), ""ACTIVA"", IF(REGEXMATCH(s,""CLOSED.*LOST""), ""FALLIDA"", IF(REGEXMATCH(s,""CONTACT.*NEXT.*SEASON""), ""POTENCIAL"", IF(REGEXMATCH(s,""\bLEAD\b""), ""LEAD"", IF(REGEXMATCH(s,""INTERE"&"ST|POTENTIAL""), ""SEGUIMIENTO"", ""SEGUIMIENTO""))))) ) "),"ACTIVA") -> ACTIVA | N3: =V3 -> Nico | O3: =W3 -> 2 cajas | S3: TRUE | T3: CLOSED / WON | U3: Madrid | V3: Nico | W3: 2 cajas | Y3: 8 Vasos + Cubitera grande
A4: acc_003 | B4: Morenas | C4: =IFERROR(__xludf.DUMMYFUNCTION("IFS( REGEXMATCH(LOWER(TRIM(N4)),""nico""), ""us_001"", REGEXMATCH(LOWER(TRIM(N4)),""alfonso""), ""us_002"", REGEXMATCH(LOWER(TRIM(N4)),""patxi""), ""us_003"", REGEXMATCH(LOWER(TRIM(N4)),""martin""), ""us_004"", TRUE, ""us_999"" )"),"us_001") -> us_001 | D4: =IFERROR(__xludf.DUMMYFUNCTION("""COMPUTED_VALUE"""),"us_001") -> us_001 | E4: Horeca | F4: =IFERROR(__xludf.DUMMYFUNCTION("LET( s, UPPER(TRIM(N4)), IF(REGEXMATCH(s,""CLOSED.*WON""), ""ACTIVA"", IF(REGEXMATCH(s,""CLOSED.*LOST""), ""FALLIDA"", IF(REGEXMATCH(s,""CONTACT.*NEXT.*SEASON""), ""POTENCIAL"", IF(REGEXMATCH(s,""\bLEAD\b""), ""LEAD"", IF(REGEXMATCH(s,""INTERE"&"ST|POTENTIAL""), ""SEGUIMIENTO"", ""SEGUIMIENTO""))))) ) "),"SEGUIMIENTO") -> SEGUIMIENTO | G4: Placement | H4: =IFERROR(__xludf.DUMMYFUNCTION("IFS( REGEXMATCH(LOWER(TRIM(U4)),""barcelona""), ""acc_139"", REGEXMATCH(LOWER(TRIM(U4)),""madrid""), ""acc_148"", REGEXMATCH(LOWER(TRIM(U4)),""zaragoza""), ""acc_149"", REGEXMATCH(LOWER(TRIM(U4)),""ibiza""), ""acc_140"", REGEXMATCH(LOWER(TRIM(U4"&")),""mallorca""), ""acc_140"", REGEXMATCH(LOWER(TRIM(U4)),""menorca""), ""acc_150"", TRUE, """" ) "),"acc_148") -> acc_148 | I4: Eduardo Rozo | K4: Placement | L4: =IFERROR(__xludf.DUMMYFUNCTION("LET( s, UPPER(TRIM(T4)), IF(REGEXMATCH(s,""CLOSED.*WON""), ""ACTIVA"", IF(REGEXMATCH(s,""CLOSED.*LOST""), ""FALLIDA"", IF(REGEXMATCH(s,""CONTACT.*NEXT.*SEASON""), ""POTENCIAL"", IF(REGEXMATCH(s,""\bLEAD\b""), ""LEAD"", IF(REGEXMATCH(s,""INTERE"&"ST|POTENTIAL""), ""SEGUIMIENTO"", ""SEGUIMIENTO""))))) ) "),"ACTIVA") -> ACTIVA | N4: =V4 -> Nico | O4: =W4 | S4: TRUE | T4: CLOSED / WON | U4: Madrid | V4: Nico
A5: acc_004 | B5: Chakana | C5: =IFERROR(__xludf.DUMMYFUNCTION("IFS( REGEXMATCH(LOWER(TRIM(N5)),""nico""), ""us_001"", REGEXMATCH(LOWER(TRIM(N5)),""alfonso""), ""us_002"", REGEXMATCH(LOWER(TRIM(N5)),""patxi""), ""us_003"", REGEXMATCH(LOWER(TRIM(N5)),""martin""), ""us_004"", TRUE, ""us_999"" )"),"us_001") -> us_001 | D5: =IFERROR(__xludf.DUMMYFUNCTION("""COMPUTED_VALUE"""),"us_001") -> us_001 | E5: Horeca | F5: =IFERROR(__xludf.DUMMYFUNCTION("LET( s, UPPER(TRIM(N5)), IF(REGEXMATCH(s,""CLOSED.*WON""), ""ACTIVA"", IF(REGEXMATCH(s,""CLOSED.*LOST""), ""FALLIDA"", IF(REGEXMATCH(s,""CONTACT.*NEXT.*SEASON""), ""POTENCIAL"", IF(REGEXMATCH(s,""\bLEAD\b""), ""LEAD"", IF(REGEXMATCH(s,""INTERE"&"ST|POTENTIAL""), ""SEGUIMIENTO"", ""SEGUIMIENTO""))))) ) "),"SEGUIMIENTO") -> SEGUIMIENTO | G5: Placement | H5: =IFERROR(__xludf.DUMMYFUNCTION("IFS( REGEXMATCH(LOWER(TRIM(U5)),""barcelona""), ""acc_139"", REGEXMATCH(LOWER(TRIM(U5)),""madrid""), ""acc_148"", REGEXMATCH(LOWER(TRIM(U5)),""zaragoza""), ""acc_149"", REGEXMATCH(LOWER(TRIM(U5)),""ibiza""), ""acc_140"", REGEXMATCH(LOWER(TRIM(U5"&")),""mallorca""), ""acc_140"", REGEXMATCH(LOWER(TRIM(U5)),""menorca""), ""acc_150"", TRUE, """" ) "),"acc_149") -> acc_149 | I5: Omar | K5: Placement | L5: =IFERROR(__xludf.DUMMYFUNCTION("LET( s, UPPER(TRIM(T5)), IF(REGEXMATCH(s,""CLOSED.*WON""), ""ACTIVA"", IF(REGEXMATCH(s,""CLOSED.*LOST""), ""FALLIDA"", IF(REGEXMATCH(s,""CONTACT.*NEXT.*SEASON""), ""POTENCIAL"", IF(REGEXMATCH(s,""\bLEAD\b""), ""LEAD"", IF(REGEXMATCH(s,""INTERE"&"ST|POTENTIAL""), ""SEGUIMIENTO"", ""SEGUIMIENTO""))))) ) "),"ACTIVA") -> ACTIVA | N5: =V5 -> Nico | O5: =W5 | S5: TRUE | T5: CLOSED / WON | U5: Zaragoza | V5: Nico
A6: acc_005 | B6: El Gordo Velazquez | C6: =IFERROR(__xludf.DUMMYFUNCTION("IFS( REGEXMATCH(LOWER(TRIM(N6)),""nico""), ""us_001"", REGEXMATCH(LOWER(TRIM(N6)),""alfonso""), ""us_002"", REGEXMATCH(LOWER(TRIM(N6)),""patxi""), ""us_003"", REGEXMATCH(LOWER(TRIM(N6)),""martin""), ""us_004"", TRUE, ""us_999"" )"),"us_001") -> us_001 | D6: =IFERROR(__xludf.DUMMYFUNCTION("""COMPUTED_VALUE"""),"us_001") -> us_001 | E6: Horeca | F6: =IFERROR(__xludf.DUMMYFUNCTION("LET( s, UPPER(TRIM(N6)), IF(REGEXMATCH(s,""CLOSED.*WON""), ""ACTIVA"", IF(REGEXMATCH(s,""CLOSED.*LOST""), ""FALLIDA"", IF(REGEXMATCH(s,""CONTACT.*NEXT.*SEASON""), ""POTENCIAL"", IF(REGEXMATCH(s,""\bLEAD\b""), ""LEAD"", IF(REGEXMATCH(s,""INTERE"&"ST|POTENTIAL""), ""SEGUIMIENTO"", ""SEGUIMIENTO""))))) ) "),"SEGUIMIENTO") -> SEGUIMIENTO | G6: Placement | H6: =IFERROR(__xludf.DUMMYFUNCTION("IFS( REGEXMATCH(LOWER(TRIM(U6)),""barcelona""), ""acc_139"", REGEXMATCH(LOWER(TRIM(U6)),""madrid""), ""acc_148"", REGEXMATCH(LOWER(TRIM(U6)),""zaragoza""), ""acc_149"", REGEXMATCH(LOWER(TRIM(U6)),""ibiza""), ""acc_140"", REGEXMATCH(LOWER(TRIM(U6"&")),""mallorca""), ""acc_140"", REGEXMATCH(LOWER(TRIM(U6)),""menorca""), ""acc_150"", TRUE, """" ) "),"acc_148") -> acc_148 | I6: Jan Paulo y Javier | K6: Placement | L6: =IFERROR(__xludf.DUMMYFUNCTION("LET( s, UPPER(TRIM(T6)), IF(REGEXMATCH(s,""CLOSED.*WON""), ""ACTIVA"", IF(REGEXMATCH(s,""CLOSED.*LOST""), ""FALLIDA"", IF(REGEXMATCH(s,""CONTACT.*NEXT.*SEASON""), ""POTENCIAL"", IF(REGEXMATCH(s,""\bLEAD\b""), ""LEAD"", IF(REGEXMATCH(s,""INTERE"&"ST|POTENTIAL""), ""SEGUIMIENTO"", ""SEGUIMIENTO""))))) ) "),"ACTIVA") -> ACTIVA | N6: =V6 -> Nico | O6: =W6 | S6: TRUE | T6: CLOSED / WON | U6: Madrid | V6: Nico
A7: acc_006 | B7: Sabodiga | C7: =IFERROR(__xludf.DUMMYFUNCTION("IFS( REGEXMATCH(LOWER(TRIM(N7)),""nico""), ""us_001"", REGEXMATCH(LOWER(TRIM(N7)),""alfonso""), ""us_002"", REGEXMATCH(LOWER(TRIM(N7)),""patxi""), ""us_003"", REGEXMATCH(LOWER(TRIM(N7)),""martin""), ""us_004"", TRUE, ""us_999"" )"),"us_003") -> us_003 | D7: =IFERROR(__xludf.DUMMYFUNCTION("""COMPUTED_VALUE"""),"us_003") -> us_003 | E7: Horeca | F7: =IFERROR(__xludf.DUMMYFUNCTION("LET( s, UPPER(TRIM(N7)), IF(REGEXMATCH(s,""CLOSED.*WON""), ""ACTIVA"", IF(REGEXMATCH(s,""CLOSED.*LOST""), ""FALLIDA"", IF(REGEXMATCH(s,""CONTACT.*NEXT.*SEASON""), ""POTENCIAL"", IF(REGEXMATCH(s,""\bLEAD\b""), ""LEAD"", IF(REGEXMATCH(s,""INTERE"&"ST|POTENTIAL""), ""SEGUIMIENTO"", ""SEGUIMIENTO""))))) ) "),"SEGUIMIENTO") -> SEGUIMIENTO | G7: Placement | H7: =IFERROR(__xludf.DUMMYFUNCTION("IFS( REGEXMATCH(LOWER(TRIM(U7)),""barcelona""), ""acc_139"", REGEXMATCH(LOWER(TRIM(U7)),""madrid""), ""acc_148"", REGEXMATCH(LOWER(TRIM(U7)),""zaragoza""), ""acc_149"", REGEXMATCH(LOWER(TRIM(U7)),""ibiza""), ""acc_140"", REGEXMATCH(LOWER(TRIM(U7"&")),""mallorca""), ""acc_140"", REGEXMATCH(LOWER(TRIM(U7)),""menorca""), ""acc_150"", TRUE, """" ) "),"acc_150") -> acc_150 | K7: Placement | L7: =IFERROR(__xludf.DUMMYFUNCTION("LET( s, UPPER(TRIM(T7)), IF(REGEXMATCH(s,""CLOSED.*WON""), ""ACTIVA"", IF(REGEXMATCH(s,""CLOSED.*LOST""), ""FALLIDA"", IF(REGEXMATCH(s,""CONTACT.*NEXT.*SEASON""), ""POTENCIAL"", IF(REGEXMATCH(s,""\bLEAD\b""), ""LEAD"", IF(REGEXMATCH(s,""INTERE"&"ST|POTENTIAL""), ""SEGUIMIENTO"", ""SEGUIMIENTO""))))) ) "),"ACTIVA") -> ACTIVA | N7: =V7 -> Patxi | O7: =W7 | S7: FALSE | T7: CLOSED / WON | U7: Menorca | V7: Patxi
A8: acc_007 | B8: Senor Bigote | C8: =IFERROR(__xludf.DUMMYFUNCTION("IFS( REGEXMATCH(LOWER(TRIM(N8)),""nico""), ""us_001"", REGEXMATCH(LOWER(TRIM(N8)),""alfonso""), ""us_002"", REGEXMATCH(LOWER(TRIM(N8)),""patxi""), ""us_003"", REGEXMATCH(LOWER(TRIM(N8)),""martin""), ""us_004"", TRUE, ""us_999"" )"),"us_003") -> us_003 | D8: =IFERROR(__xludf.DUMMYFUNCTION("""COMPUTED_VALUE"""),"us_003") -> us_003 | E8: Horeca | F8: =IFERROR(__xludf.DUMMYFUNCTION("LET( s, UPPER(TRIM(N8)), IF(REGEXMATCH(s,""CLOSED.*WON""), ""ACTIVA"", IF(REGEXMATCH(s,""CLOSED.*LOST""), ""FALLIDA"", IF(REGEXMATCH(s,""CONTACT.*NEXT.*SEASON""), ""POTENCIAL"", IF(REGEXMATCH(s,""\bLEAD\b""), ""LEAD"", IF(REGEXMATCH(s,""INTERE"&"ST|POTENTIAL""), ""SEGUIMIENTO"", ""SEGUIMIENTO""))))) ) "),"SEGUIMIENTO") -> SEGUIMIENTO | G8: Placement | H8: =IFERROR(__xludf.DUMMYFUNCTION("IFS( REGEXMATCH(LOWER(TRIM(U8)),""barcelona""), ""acc_139"", REGEXMATCH(LOWER(TRIM(U8)),""madrid""), ""acc_148"", REGEXMATCH(LOWER(TRIM(U8)),""zaragoza""), ""acc_149"", REGEXMATCH(LOWER(TRIM(U8)),""ibiza""), ""acc_140"", REGEXMATCH(LOWER(TRIM(U8"&")),""mallorca""), ""acc_140"", REGEXMATCH(LOWER(TRIM(U8)),""menorca""), ""acc_150"", TRUE, """" ) "),"acc_150") -> acc_150 | I8: Jesus | K8: Placement | L8: =IFERROR(__xludf.DUMMYFUNCTION("LET( s, UPPER(TRIM(T8)), IF(REGEXMATCH(s,""CLOSED.*WON""), ""ACTIVA"", IF(REGEXMATCH(s,""CLOSED.*LOST""), ""FALLIDA"", IF(REGEXMATCH(s,""CONTACT.*NEXT.*SEASON""), ""POTENCIAL"", IF(REGEXMATCH(s,""\bLEAD\b""), ""LEAD"", IF(REGEXMATCH(s,""INTERE"&"ST|POTENTIAL""), ""SEGUIMIENTO"", ""SEGUIMIENTO""))))) ) "),"ACTIVA") -> ACTIVA | N8: =V8 -> Patxi | O8: =W8 | S8: FALSE | T8: CLOSED / WON | U8: Menorca | V8: Patxi
A9: acc_008 | B9: Cristanal y Gradinata | C9: =IFERROR(__xludf.DUMMYFUNCTION("IFS( REGEXMATCH(LOWER(TRIM(N9)),""nico""), ""us_001"", REGEXMATCH(LOWER(TRIM(N9)),""alfonso""), ""us_002"", REGEXMATCH(LOWER(TRIM(N9)),""patxi""), ""us_003"", REGEXMATCH(LOWER(TRIM(N9)),""martin""), ""us_004"", TRUE, ""us_999"" )"),"us_003") -> us_003 | D9: =IFERROR(__xludf.DUMMYFUNCTION("""COMPUTED_VALUE"""),"us_003") -> us_003 | E9: Horeca | F9: =IFERROR(__xludf.DUMMYFUNCTION("LET( s, UPPER(TRIM(N9)), IF(REGEXMATCH(s,""CLOSED.*WON""), ""ACTIVA"", IF(REGEXMATCH(s,""CLOSED.*LOST""), ""FALLIDA"", IF(REGEXMATCH(s,""CONTACT.*NEXT.*SEASON""), ""POTENCIAL"", IF(REGEXMATCH(s,""\bLEAD\b""), ""LEAD"", IF(REGEXMATCH(s,""INTERE"&"ST|POTENTIAL""), ""SEGUIMIENTO"", ""SEGUIMIENTO""))))) ) "),"SEGUIMIENTO") -> SEGUIMIENTO | G9: Placement | H9: =IFERROR(__xludf.DUMMYFUNCTION("IFS( REGEXMATCH(LOWER(TRIM(U9)),""barcelona""), ""acc_139"", REGEXMATCH(LOWER(TRIM(U9)),""madrid""), ""acc_148"", REGEXMATCH(LOWER(TRIM(U9)),""zaragoza""), ""acc_149"", REGEXMATCH(LOWER(TRIM(U9)),""ibiza""), ""acc_140"", REGEXMATCH(LOWER(TRIM(U9"&")),""mallorca""), ""acc_140"", REGEXMATCH(LOWER(TRIM(U9)),""menorca""), ""acc_150"", TRUE, """" ) "),"acc_150") -> acc_150 | K9: Placement | L9: =IFERROR(__xludf.DUMMYFUNCTION("LET( s, UPPER(TRIM(T9)), IF(REGEXMATCH(s,""CLOSED.*WON""), ""ACTIVA"", IF(REGEXMATCH(s,""CLOSED.*LOST""), ""FALLIDA"", IF(REGEXMATCH(s,""CONTACT.*NEXT.*SEASON""), ""POTENCIAL"", IF(REGEXMATCH(s,""\bLEAD\b""), ""LEAD"", IF(REGEXMATCH(s,""INTERE"&"ST|POTENTIAL""), ""SEGUIMIENTO"", ""SEGUIMIENTO""))))) ) "),"ACTIVA") -> ACTIVA | N9: =V9 -> Patxi | O9: =W9 | S9: FALSE | T9: CLOSED / WON | U9: Menorca | V9: Patxi
A10: acc_009 | B10: Oysters | C10: =IFERROR(__xludf.DUMMYFUNCTION("IFS( REGEXMATCH(LOWER(TRIM(N10)),""nico""), ""us_001"", REGEXMATCH(LOWER(TRIM(N10)),""alfonso""), ""us_002"", REGEXMATCH(LOWER(TRIM(N10)),""patxi""), ""us_003"", REGEXMATCH(LOWER(TRIM(N10)),""martin""), ""us_004"", TRUE, ""us_999"" )"),"us_003") -> us_003 | D10: =IFERROR(__xludf.DUMMYFUNCTION("""COMPUTED_VALUE"""),"us_003") -> us_003 | E10: Horeca | F10: =IFERROR(__xludf.DUMMYFUNCTION("LET( s, UPPER(TRIM(N10)), IF(REGEXMATCH(s,""CLOSED.*WON""), ""ACTIVA"", IF(REGEXMATCH(s,""CLOSED.*LOST""), ""FALLIDA"", IF(REGEXMATCH(s,""CONTACT.*NEXT.*SEASON""), ""POTENCIAL"", IF(REGEXMATCH(s,""\bLEAD\b""), ""LEAD"", IF(REGEXMATCH(s,""INTER"&"EST|POTENTIAL""), ""SEGUIMIENTO"", ""SEGUIMIENTO""))))) ) "),"SEGUIMIENTO") -> SEGUIMIENTO | G10: Placement | H10: =IFERROR(__xludf.DUMMYFUNCTION("IFS( REGEXMATCH(LOWER(TRIM(U10)),""barcelona""), ""acc_139"", REGEXMATCH(LOWER(TRIM(U10)),""madrid""), ""acc_148"", REGEXMATCH(LOWER(TRIM(U10)),""zaragoza""), ""acc_149"", REGEXMATCH(LOWER(TRIM(U10)),""ibiza""), ""acc_140"", REGEXMATCH(LOWER(TRI"&"M(U10)),""mallorca""), ""acc_140"", REGEXMATCH(LOWER(TRIM(U10)),""menorca""), ""acc_150"", TRUE, """" ) "),"acc_150") -> acc_150 | I10: Tobi | K10: Placement | L10: =IFERROR(__xludf.DUMMYFUNCTION("LET( s, UPPER(TRIM(T10)), IF(REGEXMATCH(s,""CLOSED.*WON""), ""ACTIVA"", IF(REGEXMATCH(s,""CLOSED.*LOST""), ""FALLIDA"", IF(REGEXMATCH(s,""CONTACT.*NEXT.*SEASON""), ""POTENCIAL"", IF(REGEXMATCH(s,""\bLEAD\b""), ""LEAD"", IF(REGEXMATCH(s,""INTER"&"EST|POTENTIAL""), ""SEGUIMIENTO"", ""SEGUIMIENTO""))))) ) "),"ACTIVA") -> ACTIVA | N10: =V10 -> Patxi | O10: =W10 | S10: FALSE | T10: CLOSED / WON | U10: Menorca | V10: Patxi | Y10: 6 vasos | AA10: Carrer de Bastió, 7, 07703 Maó, Illes Balears
A11: acc_010 | B11: Sa Tintina | C11: =IFERROR(__xludf.DUMMYFUNCTION("IFS( REGEXMATCH(LOWER(TRIM(N11)),""nico""), ""us_001"", REGEXMATCH(LOWER(TRIM(N11)),""alfonso""), ""us_002"", REGEXMATCH(LOWER(TRIM(N11)),""patxi""), ""us_003"", REGEXMATCH(LOWER(TRIM(N11)),""martin""), ""us_004"", TRUE, ""us_999"" )"),"us_003") -> us_003 | D11: =IFERROR(__xludf.DUMMYFUNCTION("""COMPUTED_VALUE"""),"us_003") -> us_003 | E11: Horeca | F11: =IFERROR(__xludf.DUMMYFUNCTION("LET( s, UPPER(TRIM(N11)), IF(REGEXMATCH(s,""CLOSED.*WON""), ""ACTIVA"", IF(REGEXMATCH(s,""CLOSED.*LOST""), ""FALLIDA"", IF(REGEXMATCH(s,""CONTACT.*NEXT.*SEASON""), ""POTENCIAL"", IF(REGEXMATCH(s,""\bLEAD\b""), ""LEAD"", IF(REGEXMATCH(s,""INTER"&"EST|POTENTIAL""), ""SEGUIMIENTO"", ""SEGUIMIENTO""))))) ) "),"SEGUIMIENTO") -> SEGUIMIENTO | G11: Placement | H11: =IFERROR(__xludf.DUMMYFUNCTION("IFS( REGEXMATCH(LOWER(TRIM(U11)),""barcelona""), ""acc_139"", REGEXMATCH(LOWER(TRIM(U11)),""madrid""), ""acc_148"", REGEXMATCH(LOWER(TRIM(U11)),""zaragoza""), ""acc_149"", REGEXMATCH(LOWER(TRIM(U11)),""ibiza""), ""acc_140"", REGEXMATCH(LOWER(TRI"&"M(U11)),""mallorca""), ""acc_140"", REGEXMATCH(LOWER(TRIM(U11)),""menorca""), ""acc_150"", TRUE, """" ) "),"acc_150") -> acc_150 | I11: Alex | K11: Placement | L11: =IFERROR(__xludf.DUMMYFUNCTION("LET( s, UPPER(TRIM(T11)), IF(REGEXMATCH(s,""CLOSED.*WON""), ""ACTIVA"", IF(REGEXMATCH(s,""CLOSED.*LOST""), ""FALLIDA"", IF(REGEXMATCH(s,""CONTACT.*NEXT.*SEASON""), ""POTENCIAL"", IF(REGEXMATCH(s,""\bLEAD\b""), ""LEAD"", IF(REGEXMATCH(s,""INTER"&"EST|POTENTIAL""), ""SEGUIMIENTO"", ""SEGUIMIENTO""))))) ) "),"ACTIVA") -> ACTIVA | N11: =V11 -> Patxi | O11: =W11 | S11: FALSE | T11: CLOSED / WON | U11: Menorca | V11: Patxi
A12: acc_011 | B12: Aqui hay Tomate | C12: =IFERROR(__xludf.DUMMYFUNCTION("IFS( REGEXMATCH(LOWER(TRIM(N12)),""nico""), ""us_001"", REGEXMATCH(LOWER(TRIM(N12)),""alfonso""), ""us_002"", REGEXMATCH(LOWER(TRIM(N12)),""patxi""), ""us_003"", REGEXMATCH(LOWER(TRIM(N12)),""martin""), ""us_004"", TRUE, ""us_999"" )"),"us_003") -> us_003 | D12: =IFERROR(__xludf.DUMMYFUNCTION("""COMPUTED_VALUE"""),"us_003") -> us_003 | E12: Horeca | F12: =IFERROR(__xludf.DUMMYFUNCTION("LET( s, UPPER(TRIM(N12)), IF(REGEXMATCH(s,""CLOSED.*WON""), ""ACTIVA"", IF(REGEXMATCH(s,""CLOSED.*LOST""), ""FALLIDA"", IF(REGEXMATCH(s,""CONTACT.*NEXT.*SEASON""), ""POTENCIAL"", IF(REGEXMATCH(s,""\bLEAD\b""), ""LEAD"", IF(REGEXMATCH(s,""INTER"&"EST|POTENTIAL""), ""SEGUIMIENTO"", ""SEGUIMIENTO""))))) ) "),"SEGUIMIENTO") -> SEGUIMIENTO | G12: Placement | H12: =IFERROR(__xludf.DUMMYFUNCTION("IFS( REGEXMATCH(LOWER(TRIM(U12)),""barcelona""), ""acc_139"", REGEXMATCH(LOWER(TRIM(U12)),""madrid""), ""acc_148"", REGEXMATCH(LOWER(TRIM(U12)),""zaragoza""), ""acc_149"", REGEXMATCH(LOWER(TRIM(U12)),""ibiza""), ""acc_140"", REGEXMATCH(LOWER(TRI"&"M(U12)),""mallorca""), ""acc_140"", REGEXMATCH(LOWER(TRIM(U12)),""menorca""), ""acc_150"", TRUE, """" ) "),"acc_150") -> acc_150 | K12: Placement | L12: =IFERROR(__xludf.DUMMYFUNCTION("LET( s, UPPER(TRIM(T12)), IF(REGEXMATCH(s,""CLOSED.*WON""), ""ACTIVA"", IF(REGEXMATCH(s,""CLOSED.*LOST""), ""FALLIDA"", IF(REGEXMATCH(s,""CONTACT.*NEXT.*SEASON""), ""POTENCIAL"", IF(REGEXMATCH(s,""\bLEAD\b""), ""LEAD"", IF(REGEXMATCH(s,""INTER"&"EST|POTENTIAL""), ""SEGUIMIENTO"", ""SEGUIMIENTO""))))) ) "),"ACTIVA") -> ACTIVA | N12: =V12 -> Patxi | O12: =W12 | S12: FALSE | T12: CLOSED / WON | U12: Menorca | V12: Patxi
A13: acc_012 | B13: Cova den Xoroi | C13: =IFERROR(__xludf.DUMMYFUNCTION("IFS( REGEXMATCH(LOWER(TRIM(N13)),""nico""), ""us_001"", REGEXMATCH(LOWER(TRIM(N13)),""alfonso""), ""us_002"", REGEXMATCH(LOWER(TRIM(N13)),""patxi""), ""us_003"", REGEXMATCH(LOWER(TRIM(N13)),""martin""), ""us_004"", TRUE, ""us_999"" )"),"us_003") -> us_003 | D13: =IFERROR(__xludf.DUMMYFUNCTION("""COMPUTED_VALUE"""),"us_003") -> us_003 | E13: Horeca | F13: =IFERROR(__xludf.DUMMYFUNCTION("LET( s, UPPER(TRIM(N13)), IF(REGEXMATCH(s,""CLOSED.*WON""), ""ACTIVA"", IF(REGEXMATCH(s,""CLOSED.*LOST""), ""FALLIDA"", IF(REGEXMATCH(s,""CONTACT.*NEXT.*SEASON""), ""POTENCIAL"", IF(REGEXMATCH(s,""\bLEAD\b""), ""LEAD"", IF(REGEXMATCH(s,""INTER"&"EST|POTENTIAL""), ""SEGUIMIENTO"", ""SEGUIMIENTO""))))) ) "),"SEGUIMIENTO") -> SEGUIMIENTO | G13: Placement | H13: =IFERROR(__xludf.DUMMYFUNCTION("IFS( REGEXMATCH(LOWER(TRIM(U13)),""barcelona""), ""acc_139"", REGEXMATCH(LOWER(TRIM(U13)),""madrid""), ""acc_148"", REGEXMATCH(LOWER(TRIM(U13)),""zaragoza""), ""acc_149"", REGEXMATCH(LOWER(TRIM(U13)),""ibiza""), ""acc_140"", REGEXMATCH(LOWER(TRI"&"M(U13)),""mallorca""), ""acc_140"", REGEXMATCH(LOWER(TRIM(U13)),""menorca""), ""acc_150"", TRUE, """" ) "),"acc_150") -> acc_150 | K13: Placement | L13: =IFERROR(__xludf.DUMMYFUNCTION("LET( s, UPPER(TRIM(T13)), IF(REGEXMATCH(s,""CLOSED.*WON""), ""ACTIVA"", IF(REGEXMATCH(s,""CLOSED.*LOST""), ""FALLIDA"", IF(REGEXMATCH(s,""CONTACT.*NEXT.*SEASON""), ""POTENCIAL"", IF(REGEXMATCH(s,""\bLEAD\b""), ""LEAD"", IF(REGEXMATCH(s,""INTER"&"EST|POTENTIAL""), ""SEGUIMIENTO"", ""SEGUIMIENTO""))))) ) "),"ACTIVA") -> ACTIVA | N13: =V13 -> Patxi | O13: =W13 | S13: FALSE | T13: CLOSED / WON | U13: Menorca | V13: Patxi
A14: acc_013 | B14: Madrid al Cielo | C14: =IFERROR(__xludf.DUMMYFUNCTION("IFS( REGEXMATCH(LOWER(TRIM(N14)),""nico""), ""us_001"", REGEXMATCH(LOWER(TRIM(N14)),""alfonso""), ""us_002"", REGEXMATCH(LOWER(TRIM(N14)),""patxi""), ""us_003"", REGEXMATCH(LOWER(TRIM(N14)),""martin""), ""us_004"", TRUE, ""us_999"" )"),"us_003") -> us_003 | D14: =IFERROR(__xludf.DUMMYFUNCTION("""COMPUTED_VALUE"""),"us_003") -> us_003 | E14: Horeca | F14: =IFERROR(__xludf.DUMMYFUNCTION("LET( s, UPPER(TRIM(N14)), IF(REGEXMATCH(s,""CLOSED.*WON""), ""ACTIVA"", IF(REGEXMATCH(s,""CLOSED.*LOST""), ""FALLIDA"", IF(REGEXMATCH(s,""CONTACT.*NEXT.*SEASON""), ""POTENCIAL"", IF(REGEXMATCH(s,""\bLEAD\b""), ""LEAD"", IF(REGEXMATCH(s,""INTER"&"EST|POTENTIAL""), ""SEGUIMIENTO"", ""SEGUIMIENTO""))))) ) "),"SEGUIMIENTO") -> SEGUIMIENTO | G14: Placement | H14: =IFERROR(__xludf.DUMMYFUNCTION("IFS( REGEXMATCH(LOWER(TRIM(U14)),""barcelona""), ""acc_139"", REGEXMATCH(LOWER(TRIM(U14)),""madrid""), ""acc_148"", REGEXMATCH(LOWER(TRIM(U14)),""zaragoza""), ""acc_149"", REGEXMATCH(LOWER(TRIM(U14)),""ibiza""), ""acc_140"", REGEXMATCH(LOWER(TRI"&"M(U14)),""mallorca""), ""acc_140"", REGEXMATCH(LOWER(TRIM(U14)),""menorca""), ""acc_150"", TRUE, """" ) "),"acc_150") -> acc_150 | K14: Placement | L14: =IFERROR(__xludf.DUMMYFUNCTION("LET( s, UPPER(TRIM(T14)), IF(REGEXMATCH(s,""CLOSED.*WON""), ""ACTIVA"", IF(REGEXMATCH(s,""CLOSED.*LOST""), ""FALLIDA"", IF(REGEXMATCH(s,""CONTACT.*NEXT.*SEASON""), ""POTENCIAL"", IF(REGEXMATCH(s,""\bLEAD\b""), ""LEAD"", IF(REGEXMATCH(s,""INTER"&"EST|POTENTIAL""), ""SEGUIMIENTO"", ""SEGUIMIENTO""))))) ) "),"ACTIVA") -> ACTIVA | N14: =V14 -> Patxi | O14: =W14 | S14: FALSE | T14: CLOSED / WON | U14: Menorca | V14: Patxi
A15: acc_014 | B15: Bar Augustin | C15: =IFERROR(__xludf.DUMMYFUNCTION("IFS( REGEXMATCH(LOWER(TRIM(N15)),""nico""), ""us_001"", REGEXMATCH(LOWER(TRIM(N15)),""alfonso""), ""us_002"", REGEXMATCH(LOWER(TRIM(N15)),""patxi""), ""us_003"", REGEXMATCH(LOWER(TRIM(N15)),""martin""), ""us_004"", TRUE, ""us_999"" )"),"us_003") -> us_003 | D15: =IFERROR(__xludf.DUMMYFUNCTION("""COMPUTED_VALUE"""),"us_003") -> us_003 | E15: Horeca | F15: =IFERROR(__xludf.DUMMYFUNCTION("LET( s, UPPER(TRIM(N15)), IF(REGEXMATCH(s,""CLOSED.*WON""), ""ACTIVA"", IF(REGEXMATCH(s,""CLOSED.*LOST""), ""FALLIDA"", IF(REGEXMATCH(s,""CONTACT.*NEXT.*SEASON""), ""POTENCIAL"", IF(REGEXMATCH(s,""\bLEAD\b""), ""LEAD"", IF(REGEXMATCH(s,""INTER"&"EST|POTENTIAL""), ""SEGUIMIENTO"", ""SEGUIMIENTO""))))) ) "),"SEGUIMIENTO") -> SEGUIMIENTO | G15: Placement | H15: =IFERROR(__xludf.DUMMYFUNCTION("IFS( REGEXMATCH(LOWER(TRIM(U15)),""barcelona""), ""acc_139"", REGEXMATCH(LOWER(TRIM(U15)),""madrid""), ""acc_148"", REGEXMATCH(LOWER(TRIM(U15)),""zaragoza""), ""acc_149"", REGEXMATCH(LOWER(TRIM(U15)),""ibiza""), ""acc_140"", REGEXMATCH(LOWER(TRI"&"M(U15)),""mallorca""), ""acc_140"", REGEXMATCH(LOWER(TRIM(U15)),""menorca""), ""acc_150"", TRUE, """" ) "),"acc_150") -> acc_150 | I15: Patri | K15: Placement | L15: =IFERROR(__xludf.DUMMYFUNCTION("LET( s, UPPER(TRIM(T15)), IF(REGEXMATCH(s,""CLOSED.*WON""), ""ACTIVA"", IF(REGEXMATCH(s,""CLOSED.*LOST""), ""FALLIDA"", IF(REGEXMATCH(s,""CONTACT.*NEXT.*SEASON""), ""POTENCIAL"", IF(REGEXMATCH(s,""\bLEAD\b""), ""LEAD"", IF(REGEXMATCH(s,""INTER"&"EST|POTENTIAL""), ""SEGUIMIENTO"", ""SEGUIMIENTO""))))) ) "),"ACTIVA") -> ACTIVA | N15: =V15 -> Patxi | O15: =W15 | S15: FALSE | T15: CLOSED / WON | U15: Menorca | V15: Patxi
A16: acc_015 | B16: Supermercado melo | C16: =IFERROR(__xludf.DUMMYFUNCTION("IFS( REGEXMATCH(LOWER(TRIM(N16)),""nico""), ""us_001"", REGEXMATCH(LOWER(TRIM(N16)),""alfonso""), ""us_002"", REGEXMATCH(LOWER(TRIM(N16)),""patxi""), ""us_003"", REGEXMATCH(LOWER(TRIM(N16)),""martin""), ""us_004"", TRUE, ""us_999"" )"),"us_001") -> us_001 | D16: =IFERROR(__xludf.DUMMYFUNCTION("""COMPUTED_VALUE"""),"us_001") -> us_001 | E16: Horeca | F16: =IFERROR(__xludf.DUMMYFUNCTION("LET( s, UPPER(TRIM(N16)), IF(REGEXMATCH(s,""CLOSED.*WON""), ""ACTIVA"", IF(REGEXMATCH(s,""CLOSED.*LOST""), ""FALLIDA"", IF(REGEXMATCH(s,""CONTACT.*NEXT.*SEASON""), ""POTENCIAL"", IF(REGEXMATCH(s,""\bLEAD\b""), ""LEAD"", IF(REGEXMATCH(s,""INTER"&"EST|POTENTIAL""), ""SEGUIMIENTO"", ""SEGUIMIENTO""))))) ) "),"SEGUIMIENTO") -> SEGUIMIENTO | G16: Placement | H16: =IFERROR(__xludf.DUMMYFUNCTION("IFS( REGEXMATCH(LOWER(TRIM(U16)),""barcelona""), ""acc_139"", REGEXMATCH(LOWER(TRIM(U16)),""madrid""), ""acc_148"", REGEXMATCH(LOWER(TRIM(U16)),""zaragoza""), ""acc_149"", REGEXMATCH(LOWER(TRIM(U16)),""ibiza""), ""acc_140"", REGEXMATCH(LOWER(TRI"&"M(U16)),""mallorca""), ""acc_140"", REGEXMATCH(LOWER(TRIM(U16)),""menorca""), ""acc_150"", TRUE, """" ) "),"acc_148") -> acc_148 | I16: Ana | K16: Placement | L16: =IFERROR(__xludf.DUMMYFUNCTION("LET( s, UPPER(TRIM(T16)), IF(REGEXMATCH(s,""CLOSED.*WON""), ""ACTIVA"", IF(REGEXMATCH(s,""CLOSED.*LOST""), ""FALLIDA"", IF(REGEXMATCH(s,""CONTACT.*NEXT.*SEASON""), ""POTENCIAL"", IF(REGEXMATCH(s,""\bLEAD\b""), ""LEAD"", IF(REGEXMATCH(s,""INTER"&"EST|POTENTIAL""), ""SEGUIMIENTO"", ""SEGUIMIENTO""))))) ) "),"ACTIVA") -> ACTIVA | N16: =V16 -> Nico | O16: =W16 | S16: FALSE | T16: CLOSED / WON | U16: Madrid | V16: Nico
A17: acc_016 | B17: Cervecería Santa Barbara | C17: =IFERROR(__xludf.DUMMYFUNCTION("IFS( REGEXMATCH(LOWER(TRIM(N17)),""nico""), ""us_001"", REGEXMATCH(LOWER(TRIM(N17)),""alfonso""), ""us_002"", REGEXMATCH(LOWER(TRIM(N17)),""patxi""), ""us_003"", REGEXMATCH(LOWER(TRIM(N17)),""martin""), ""us_004"", TRUE, ""us_999"" )"),"us_002") -> us_002 | D17: =IFERROR(__xludf.DUMMYFUNCTION("""COMPUTED_VALUE"""),"us_002") -> us_002 | E17: Horeca | F17: =IFERROR(__xludf.DUMMYFUNCTION("LET( s, UPPER(TRIM(N17)), IF(REGEXMATCH(s,""CLOSED.*WON""), ""ACTIVA"", IF(REGEXMATCH(s,""CLOSED.*LOST""), ""FALLIDA"", IF(REGEXMATCH(s,""CONTACT.*NEXT.*SEASON""), ""POTENCIAL"", IF(REGEXMATCH(s,""\bLEAD\b""), ""LEAD"", IF(REGEXMATCH(s,""INTER"&"EST|POTENTIAL""), ""SEGUIMIENTO"", ""SEGUIMIENTO""))))) ) "),"SEGUIMIENTO") -> SEGUIMIENTO | G17: Placement | H17: =IFERROR(__xludf.DUMMYFUNCTION("IFS( REGEXMATCH(LOWER(TRIM(U17)),""barcelona""), ""acc_139"", REGEXMATCH(LOWER(TRIM(U17)),""madrid""), ""acc_148"", REGEXMATCH(LOWER(TRIM(U17)),""zaragoza""), ""acc_149"", REGEXMATCH(LOWER(TRIM(U17)),""ibiza""), ""acc_140"", REGEXMATCH(LOWER(TRI"&"M(U17)),""mallorca""), ""acc_140"", REGEXMATCH(LOWER(TRIM(U17)),""menorca""), ""acc_150"", TRUE, """" ) "),"acc_148") -> acc_148 | I17: Álvaro | K17: Placement | L17: =IFERROR(__xludf.DUMMYFUNCTION("LET( s, UPPER(TRIM(T17)), IF(REGEXMATCH(s,""CLOSED.*WON""), ""ACTIVA"", IF(REGEXMATCH(s,""CLOSED.*LOST""), ""FALLIDA"", IF(REGEXMATCH(s,""CONTACT.*NEXT.*SEASON""), ""POTENCIAL"", IF(REGEXMATCH(s,""\bLEAD\b""), ""LEAD"", IF(REGEXMATCH(s,""INTER"&"EST|POTENTIAL""), ""SEGUIMIENTO"", ""SEGUIMIENTO""))))) ) "),"ACTIVA") -> ACTIVA | N17: =V17 -> Alfonso | O17: =W17 | S17: FALSE | T17: CLOSED / WON | U17: Madrid | V17: Alfonso | Y17: 10 vasos
A18: acc_017 | B18: Catering the cook | C18: =IFERROR(__xludf.DUMMYFUNCTION("IFS( REGEXMATCH(LOWER(TRIM(N18)),""nico""), ""us_001"", REGEXMATCH(LOWER(TRIM(N18)),""alfonso""), ""us_002"", REGEXMATCH(LOWER(TRIM(N18)),""patxi""), ""us_003"", REGEXMATCH(LOWER(TRIM(N18)),""martin""), ""us_004"", TRUE, ""us_999"" )"),"us_002") -> us_002 | D18: =IFERROR(__xludf.DUMMYFUNCTION("""COMPUTED_VALUE"""),"us_002") -> us_002 | E18: Horeca | F18: =IFERROR(__xludf.DUMMYFUNCTION("LET( s, UPPER(TRIM(N18)), IF(REGEXMATCH(s,""CLOSED.*WON""), ""ACTIVA"", IF(REGEXMATCH(s,""CLOSED.*LOST""), ""FALLIDA"", IF(REGEXMATCH(s,""CONTACT.*NEXT.*SEASON""), ""POTENCIAL"", IF(REGEXMATCH(s,""\bLEAD\b""), ""LEAD"", IF(REGEXMATCH(s,""INTER"&"EST|POTENTIAL""), ""SEGUIMIENTO"", ""SEGUIMIENTO""))))) ) "),"SEGUIMIENTO") -> SEGUIMIENTO | G18: Placement | H18: =IFERROR(__xludf.DUMMYFUNCTION("IFS( REGEXMATCH(LOWER(TRIM(U18)),""barcelona""), ""acc_139"", REGEXMATCH(LOWER(TRIM(U18)),""madrid""), ""acc_148"", REGEXMATCH(LOWER(TRIM(U18)),""zaragoza""), ""acc_149"", REGEXMATCH(LOWER(TRIM(U18)),""ibiza""), ""acc_140"", REGEXMATCH(LOWER(TRI"&"M(U18)),""mallorca""), ""acc_140"", REGEXMATCH(LOWER(TRIM(U18)),""menorca""), ""acc_150"", TRUE, """" ) "),"acc_148") -> acc_148 | I18: Silvia Lodares | K18: Placement | L18: =IFERROR(__xludf.DUMMYFUNCTION("LET( s, UPPER(TRIM(T18)), IF(REGEXMATCH(s,""CLOSED.*WON""), ""ACTIVA"", IF(REGEXMATCH(s,""CLOSED.*LOST""), ""FALLIDA"", IF(REGEXMATCH(s,""CONTACT.*NEXT.*SEASON""), ""POTENCIAL"", IF(REGEXMATCH(s,""\bLEAD\b""), ""LEAD"", IF(REGEXMATCH(s,""INTER"&"EST|POTENTIAL""), ""SEGUIMIENTO"", ""SEGUIMIENTO""))))) ) "),"ACTIVA") -> ACTIVA | N18: =V18 -> Alfonso | O18: =W18 | S18: FALSE | T18: CLOSED / WON | U18: Madrid | V18: Alfonso
A19: acc_018 | B19: Bulo | C19: =IFERROR(__xludf.DUMMYFUNCTION("IFS( REGEXMATCH(LOWER(TRIM(N19)),""nico""), ""us_001"", REGEXMATCH(LOWER(TRIM(N19)),""alfonso""), ""us_002"", REGEXMATCH(LOWER(TRIM(N19)),""patxi""), ""us_003"", REGEXMATCH(LOWER(TRIM(N19)),""martin""), ""us_004"", TRUE, ""us_999"" )"),"us_002") -> us_002 | D19: =IFERROR(__xludf.DUMMYFUNCTION("""COMPUTED_VALUE"""),"us_002") -> us_002 | E19: Horeca | F19: =IFERROR(__xludf.DUMMYFUNCTION("LET( s, UPPER(TRIM(N19)), IF(REGEXMATCH(s,""CLOSED.*WON""), ""ACTIVA"", IF(REGEXMATCH(s,""CLOSED.*LOST""), ""FALLIDA"", IF(REGEXMATCH(s,""CONTACT.*NEXT.*SEASON""), ""POTENCIAL"", IF(REGEXMATCH(s,""\bLEAD\b""), ""LEAD"", IF(REGEXMATCH(s,""INTER"&"EST|POTENTIAL""), ""SEGUIMIENTO"", ""SEGUIMIENTO""))))) ) "),"SEGUIMIENTO") -> SEGUIMIENTO | G19: Placement | H19: =IFERROR(__xludf.DUMMYFUNCTION("IFS( REGEXMATCH(LOWER(TRIM(U19)),""barcelona""), ""acc_139"", REGEXMATCH(LOWER(TRIM(U19)),""madrid""), ""acc_148"", REGEXMATCH(LOWER(TRIM(U19)),""zaragoza""), ""acc_149"", REGEXMATCH(LOWER(TRIM(U19)),""ibiza""), ""acc_140"", REGEXMATCH(LOWER(TRI"&"M(U19)),""mallorca""), ""acc_140"", REGEXMATCH(LOWER(TRIM(U19)),""menorca""), ""acc_150"", TRUE, """" ) "),"acc_148") -> acc_148 | I19: Manu Cabello | K19: Placement | L19: =IFERROR(__xludf.DUMMYFUNCTION("LET( s, UPPER(TRIM(T19)), IF(REGEXMATCH(s,""CLOSED.*WON""), ""ACTIVA"", IF(REGEXMATCH(s,""CLOSED.*LOST""), ""FALLIDA"", IF(REGEXMATCH(s,""CONTACT.*NEXT.*SEASON""), ""POTENCIAL"", IF(REGEXMATCH(s,""\bLEAD\b""), ""LEAD"", IF(REGEXMATCH(s,""INTER"&"EST|POTENTIAL""), ""SEGUIMIENTO"", ""SEGUIMIENTO""))))) ) "),"ACTIVA") -> ACTIVA | N19: =V19 -> Alfonso | O19: =W19 | S19: FALSE | T19: CLOSED / WON | U19: Madrid | V19: Alfonso
A20: acc_019 | B20: Joselito | C20: =IFERROR(__xludf.DUMMYFUNCTION("IFS( REGEXMATCH(LOWER(TRIM(N20)),""nico""), ""us_001"", REGEXMATCH(LOWER(TRIM(N20)),""alfonso""), ""us_002"", REGEXMATCH(LOWER(TRIM(N20)),""patxi""), ""us_003"", REGEXMATCH(LOWER(TRIM(N20)),""martin""), ""us_004"", TRUE, ""us_999"" )"),"us_001") -> us_001 | D20: =IFERROR(__xludf.DUMMYFUNCTION("""COMPUTED_VALUE"""),"us_001") -> us_001 | E20: Horeca | F20: =IFERROR(__xludf.DUMMYFUNCTION("LET( s, UPPER(TRIM(N20)), IF(REGEXMATCH(s,""CLOSED.*WON""), ""ACTIVA"", IF(REGEXMATCH(s,""CLOSED.*LOST""), ""FALLIDA"", IF(REGEXMATCH(s,""CONTACT.*NEXT.*SEASON""), ""POTENCIAL"", IF(REGEXMATCH(s,""\bLEAD\b""), ""LEAD"", IF(REGEXMATCH(s,""INTER"&"EST|POTENTIAL""), ""SEGUIMIENTO"", ""SEGUIMIENTO""))))) ) "),"SEGUIMIENTO") -> SEGUIMIENTO | G20: Placement | H20: =IFERROR(__xludf.DUMMYFUNCTION("IFS( REGEXMATCH(LOWER(TRIM(U20)),""barcelona""), ""acc_139"", REGEXMATCH(LOWER(TRIM(U20)),""madrid""), ""acc_148"", REGEXMATCH(LOWER(TRIM(U20)),""zaragoza""), ""acc_149"", REGEXMATCH(LOWER(TRIM(U20)),""ibiza""), ""acc_140"", REGEXMATCH(LOWER(TRI"&"M(U20)),""mallorca""), ""acc_140"", REGEXMATCH(LOWER(TRIM(U20)),""menorca""), ""acc_150"", TRUE, """" ) "),"acc_148") -> acc_148 | I20: Carlos y jose Gómez | K20: Placement | L20: =IFERROR(__xludf.DUMMYFUNCTION("LET( s, UPPER(TRIM(T20)), IF(REGEXMATCH(s,""CLOSED.*WON""), ""ACTIVA"", IF(REGEXMATCH(s,""CLOSED.*LOST""), ""FALLIDA"", IF(REGEXMATCH(s,""CONTACT.*NEXT.*SEASON""), ""POTENCIAL"", IF(REGEXMATCH(s,""\bLEAD\b""), ""LEAD"", IF(REGEXMATCH(s,""INTER"&"EST|POTENTIAL""), ""SEGUIMIENTO"", ""SEGUIMIENTO""))))) ) "),"ACTIVA") -> ACTIVA | N20: =V20 -> Nico | O20: =W20 | S20: FALSE | T20: CLOSED / WON | U20: Madrid | V20: Nico
A21: acc_020 | B21: Adrede | C21: =IFERROR(__xludf.DUMMYFUNCTION("IFS( REGEXMATCH(LOWER(TRIM(N21)),""nico""), ""us_001"", REGEXMATCH(LOWER(TRIM(N21)),""alfonso""), ""us_002"", REGEXMATCH(LOWER(TRIM(N21)),""patxi""), ""us_003"", REGEXMATCH(LOWER(TRIM(N21)),""martin""), ""us_004"", TRUE, ""us_999"" )"),"us_001") -> us_001 | D21: =IFERROR(__xludf.DUMMYFUNCTION("""COMPUTED_VALUE"""),"us_001") -> us_001 | E21: Horeca | F21: =IFERROR(__xludf.DUMMYFUNCTION("LET( s, UPPER(TRIM(N21)), IF(REGEXMATCH(s,""CLOSED.*WON""), ""ACTIVA"", IF(REGEXMATCH(s,""CLOSED.*LOST""), ""FALLIDA"", IF(REGEXMATCH(s,""CONTACT.*NEXT.*SEASON""), ""POTENCIAL"", IF(REGEXMATCH(s,""\bLEAD\b""), ""LEAD"", IF(REGEXMATCH(s,""INTER"&"EST|POTENTIAL""), ""SEGUIMIENTO"", ""SEGUIMIENTO""))))) ) "),"SEGUIMIENTO") -> SEGUIMIENTO | G21: Placement | H21: =IFERROR(__xludf.DUMMYFUNCTION("IFS( REGEXMATCH(LOWER(TRIM(U21)),""barcelona""), ""acc_139"", REGEXMATCH(LOWER(TRIM(U21)),""madrid""), ""acc_148"", REGEXMATCH(LOWER(TRIM(U21)),""zaragoza""), ""acc_149"", REGEXMATCH(LOWER(TRIM(U21)),""ibiza""), ""acc_140"", REGEXMATCH(LOWER(TRI"&"M(U21)),""mallorca""), ""acc_140"", REGEXMATCH(LOWER(TRIM(U21)),""menorca""), ""acc_150"", TRUE, """" ) "),"acc_148") -> acc_148 | I21: Angel | K21: Placement | L21: =IFERROR(__xludf.DUMMYFUNCTION("LET( s, UPPER(TRIM(T21)), IF(REGEXMATCH(s,""CLOSED.*WON""), ""ACTIVA"", IF(REGEXMATCH(s,""CLOSED.*LOST""), ""FALLIDA"", IF(REGEXMATCH(s,""CONTACT.*NEXT.*SEASON""), ""POTENCIAL"", IF(REGEXMATCH(s,""\bLEAD\b""), ""LEAD"", IF(REGEXMATCH(s,""INTER"&"EST|POTENTIAL""), ""SEGUIMIENTO"", ""SEGUIMIENTO""))))) ) "),"ACTIVA") -> ACTIVA | N21: =V21 -> Nico | O21: =W21 | S21: FALSE | T21: CLOSED / WON | U21: Madrid | V21: Nico
A22: acc_021 | B22: Las tablas | C22: =IFERROR(__xludf.DUMMYFUNCTION("IFS( REGEXMATCH(LOWER(TRIM(N22)),""nico""), ""us_001"", REGEXMATCH(LOWER(TRIM(N22)),""alfonso""), ""us_002"", REGEXMATCH(LOWER(TRIM(N22)),""patxi""), ""us_003"", REGEXMATCH(LOWER(TRIM(N22)),""martin""), ""us_004"", TRUE, ""us_999"" )"),"us_002") -> us_002 | D22: =IFERROR(__xludf.DUMMYFUNCTION("""COMPUTED_VALUE"""),"us_002") -> us_002 | E22: Horeca | F22: =IFERROR(__xludf.DUMMYFUNCTION("LET( s, UPPER(TRIM(N22)), IF(REGEXMATCH(s,""CLOSED.*WON""), ""ACTIVA"", IF(REGEXMATCH(s,""CLOSED.*LOST""), ""FALLIDA"", IF(REGEXMATCH(s,""CONTACT.*NEXT.*SEASON""), ""POTENCIAL"", IF(REGEXMATCH(s,""\bLEAD\b""), ""LEAD"", IF(REGEXMATCH(s,""INTER"&"EST|POTENTIAL""), ""SEGUIMIENTO"", ""SEGUIMIENTO""))))) ) "),"SEGUIMIENTO") -> SEGUIMIENTO | G22: Placement | H22: =IFERROR(__xludf.DUMMYFUNCTION("IFS( REGEXMATCH(LOWER(TRIM(U22)),""barcelona""), ""acc_139"", REGEXMATCH(LOWER(TRIM(U22)),""madrid""), ""acc_148"", REGEXMATCH(LOWER(TRIM(U22)),""zaragoza""), ""acc_149"", REGEXMATCH(LOWER(TRIM(U22)),""ibiza""), ""acc_140"", REGEXMATCH(LOWER(TRI"&"M(U22)),""mallorca""), ""acc_140"", REGEXMATCH(LOWER(TRIM(U22)),""menorca""), ""acc_150"", TRUE, """" ) "),"acc_148") -> acc_148 | I22: Borja | K22: Placement | L22: =IFERROR(__xludf.DUMMYFUNCTION("LET( s, UPPER(TRIM(T22)), IF(REGEXMATCH(s,""CLOSED.*WON""), ""ACTIVA"", IF(REGEXMATCH(s,""CLOSED.*LOST""), ""FALLIDA"", IF(REGEXMATCH(s,""CONTACT.*NEXT.*SEASON""), ""POTENCIAL"", IF(REGEXMATCH(s,""\bLEAD\b""), ""LEAD"", IF(REGEXMATCH(s,""INTER"&"EST|POTENTIAL""), ""SEGUIMIENTO"", ""SEGUIMIENTO""))))) ) "),"ACTIVA") -> ACTIVA | N22: =V22 -> Alfonso | O22: =W22 | S22: FALSE | T22: CLOSED / WON | U22: Madrid | V22: Alfonso
A23: acc_022 | B23: Gabys Bagels | C23: =IFERROR(__xludf.DUMMYFUNCTION("IFS( REGEXMATCH(LOWER(TRIM(N23)),""nico""), ""us_001"", REGEXMATCH(LOWER(TRIM(N23)),""alfonso""), ""us_002"", REGEXMATCH(LOWER(TRIM(N23)),""patxi""), ""us_003"", REGEXMATCH(LOWER(TRIM(N23)),""martin""), ""us_004"", TRUE, ""us_999"" )"),"us_002") -> us_002 | D23: =IFERROR(__xludf.DUMMYFUNCTION("""COMPUTED_VALUE"""),"us_002") -> us_002 | E23: Horeca | F23: =IFERROR(__xludf.DUMMYFUNCTION("LET( s, UPPER(TRIM(N23)), IF(REGEXMATCH(s,""CLOSED.*WON""), ""ACTIVA"", IF(REGEXMATCH(s,""CLOSED.*LOST""), ""FALLIDA"", IF(REGEXMATCH(s,""CONTACT.*NEXT.*SEASON""), ""POTENCIAL"", IF(REGEXMATCH(s,""\bLEAD\b""), ""LEAD"", IF(REGEXMATCH(s,""INTER"&"EST|POTENTIAL""), ""SEGUIMIENTO"", ""SEGUIMIENTO""))))) ) "),"SEGUIMIENTO") -> SEGUIMIENTO | G23: Placement | H23: =IFERROR(__xludf.DUMMYFUNCTION("IFS( REGEXMATCH(LOWER(TRIM(U23)),""barcelona""), ""acc_139"", REGEXMATCH(LOWER(TRIM(U23)),""madrid""), ""acc_148"", REGEXMATCH(LOWER(TRIM(U23)),""zaragoza""), ""acc_149"", REGEXMATCH(LOWER(TRIM(U23)),""ibiza""), ""acc_140"", REGEXMATCH(LOWER(TRI"&"M(U23)),""mallorca""), ""acc_140"", REGEXMATCH(LOWER(TRIM(U23)),""menorca""), ""acc_150"", TRUE, """" ) "),"acc_148") -> acc_148 | I23: Baby y Rafa | K23: Placement | L23: =IFERROR(__xludf.DUMMYFUNCTION("LET( s, UPPER(TRIM(T23)), IF(REGEXMATCH(s,""CLOSED.*WON""), ""ACTIVA"", IF(REGEXMATCH(s,""CLOSED.*LOST""), ""FALLIDA"", IF(REGEXMATCH(s,""CONTACT.*NEXT.*SEASON""), ""POTENCIAL"", IF(REGEXMATCH(s,""\bLEAD\b""), ""LEAD"", IF(REGEXMATCH(s,""INTER"&"EST|POTENTIAL""), ""SEGUIMIENTO"", ""SEGUIMIENTO""))))) ) "),"ACTIVA") -> ACTIVA | N23: =V23 -> Alfonso | O23: =W23 | S23: FALSE | T23: CLOSED / WON | U23: Madrid | V23: Alfonso
A24: acc_023 | B24: Delirium | C24: =IFERROR(__xludf.DUMMYFUNCTION("IFS( REGEXMATCH(LOWER(TRIM(N24)),""nico""), ""us_001"", REGEXMATCH(LOWER(TRIM(N24)),""alfonso""), ""us_002"", REGEXMATCH(LOWER(TRIM(N24)),""patxi""), ""us_003"", REGEXMATCH(LOWER(TRIM(N24)),""martin""), ""us_004"", TRUE, ""us_999"" )"),"us_002") -> us_002 | D24: =IFERROR(__xludf.DUMMYFUNCTION("""COMPUTED_VALUE"""),"us_002") -> us_002 | E24: Horeca | F24: =IFERROR(__xludf.DUMMYFUNCTION("LET( s, UPPER(TRIM(N24)), IF(REGEXMATCH(s,""CLOSED.*WON""), ""ACTIVA"", IF(REGEXMATCH(s,""CLOSED.*LOST""), ""FALLIDA"", IF(REGEXMATCH(s,""CONTACT.*NEXT.*SEASON""), ""POTENCIAL"", IF(REGEXMATCH(s,""\bLEAD\b""), ""LEAD"", IF(REGEXMATCH(s,""INTER"&"EST|POTENTIAL""), ""SEGUIMIENTO"", ""SEGUIMIENTO""))))) ) "),"SEGUIMIENTO") -> SEGUIMIENTO | G24: Placement | H24: =IFERROR(__xludf.DUMMYFUNCTION("IFS( REGEXMATCH(LOWER(TRIM(U24)),""barcelona""), ""acc_139"", REGEXMATCH(LOWER(TRIM(U24)),""madrid""), ""acc_148"", REGEXMATCH(LOWER(TRIM(U24)),""zaragoza""), ""acc_149"", REGEXMATCH(LOWER(TRIM(U24)),""ibiza""), ""acc_140"", REGEXMATCH(LOWER(TRI"&"M(U24)),""mallorca""), ""acc_140"", REGEXMATCH(LOWER(TRIM(U24)),""menorca""), ""acc_150"", TRUE, """" ) "),"acc_148") -> acc_148 | I24: Lu | K24: Placement | L24: =IFERROR(__xludf.DUMMYFUNCTION("LET( s, UPPER(TRIM(T24)), IF(REGEXMATCH(s,""CLOSED.*WON""), ""ACTIVA"", IF(REGEXMATCH(s,""CLOSED.*LOST""), ""FALLIDA"", IF(REGEXMATCH(s,""CONTACT.*NEXT.*SEASON""), ""POTENCIAL"", IF(REGEXMATCH(s,""\bLEAD\b""), ""LEAD"", IF(REGEXMATCH(s,""INTER"&"EST|POTENTIAL""), ""SEGUIMIENTO"", ""SEGUIMIENTO""))))) ) "),"ACTIVA") -> ACTIVA | N24: =V24 -> Alfonso | O24: =W24 | S24: FALSE | T24: CLOSED / WON | U24: Madrid | V24: Alfonso
A25: acc_024 | B25: Terraza campo del moro | C25: =IFERROR(__xludf.DUMMYFUNCTION("IFS( REGEXMATCH(LOWER(TRIM(N25)),""nico""), ""us_001"", REGEXMATCH(LOWER(TRIM(N25)),""alfonso""), ""us_002"", REGEXMATCH(LOWER(TRIM(N25)),""patxi""), ""us_003"", REGEXMATCH(LOWER(TRIM(N25)),""martin""), ""us_004"", TRUE, ""us_999"" )"),"us_002") -> us_002 | D25: =IFERROR(__xludf.DUMMYFUNCTION("""COMPUTED_VALUE"""),"us_002") -> us_002 | E25: Horeca | F25: =IFERROR(__xludf.DUMMYFUNCTION("LET( s, UPPER(TRIM(N25)), IF(REGEXMATCH(s,""CLOSED.*WON""), ""ACTIVA"", IF(REGEXMATCH(s,""CLOSED.*LOST""), ""FALLIDA"", IF(REGEXMATCH(s,""CONTACT.*NEXT.*SEASON""), ""POTENCIAL"", IF(REGEXMATCH(s,""\bLEAD\b""), ""LEAD"", IF(REGEXMATCH(s,""INTER"&"EST|POTENTIAL""), ""SEGUIMIENTO"", ""SEGUIMIENTO""))))) ) "),"SEGUIMIENTO") -> SEGUIMIENTO | G25: Placement | H25: =IFERROR(__xludf.DUMMYFUNCTION("IFS( REGEXMATCH(LOWER(TRIM(U25)),""barcelona""), ""acc_139"", REGEXMATCH(LOWER(TRIM(U25)),""madrid""), ""acc_148"", REGEXMATCH(LOWER(TRIM(U25)),""zaragoza""), ""acc_149"", REGEXMATCH(LOWER(TRIM(U25)),""ibiza""), ""acc_140"", REGEXMATCH(LOWER(TRI"&"M(U25)),""mallorca""), ""acc_140"", REGEXMATCH(LOWER(TRIM(U25)),""menorca""), ""acc_150"", TRUE, """" ) "),"acc_148") -> acc_148 | I25: Luna | K25: Placement | L25: =IFERROR(__xludf.DUMMYFUNCTION("LET( s, UPPER(TRIM(T25)), IF(REGEXMATCH(s,""CLOSED.*WON""), ""ACTIVA"", IF(REGEXMATCH(s,""CLOSED.*LOST""), ""FALLIDA"", IF(REGEXMATCH(s,""CONTACT.*NEXT.*SEASON""), ""POTENCIAL"", IF(REGEXMATCH(s,""\bLEAD\b""), ""LEAD"", IF(REGEXMATCH(s,""INTER"&"EST|POTENTIAL""), ""SEGUIMIENTO"", ""SEGUIMIENTO""))))) ) "),"ACTIVA") -> ACTIVA | N25: =V25 -> Alfonso | O25: =W25 -> 4 cajas | S25: FALSE | T25: CLOSED / WON | U25: Madrid | V25: Alfonso | W25: 4 cajas
A26: acc_025 | B26: Abacería Macarena | C26: =IFERROR(__xludf.DUMMYFUNCTION("IFS( REGEXMATCH(LOWER(TRIM(N26)),""nico""), ""us_001"", REGEXMATCH(LOWER(TRIM(N26)),""alfonso""), ""us_002"", REGEXMATCH(LOWER(TRIM(N26)),""patxi""), ""us_003"", REGEXMATCH(LOWER(TRIM(N26)),""martin""), ""us_004"", TRUE, ""us_999"" )"),"us_002") -> us_002 | D26: =IFERROR(__xludf.DUMMYFUNCTION("""COMPUTED_VALUE"""),"us_002") -> us_002 | E26: Horeca | F26: =IFERROR(__xludf.DUMMYFUNCTION("LET( s, UPPER(TRIM(N26)), IF(REGEXMATCH(s,""CLOSED.*WON""), ""ACTIVA"", IF(REGEXMATCH(s,""CLOSED.*LOST""), ""FALLIDA"", IF(REGEXMATCH(s,""CONTACT.*NEXT.*SEASON""), ""POTENCIAL"", IF(REGEXMATCH(s,""\bLEAD\b""), ""LEAD"", IF(REGEXMATCH(s,""INTER"&"EST|POTENTIAL""), ""SEGUIMIENTO"", ""SEGUIMIENTO""))))) ) "),"SEGUIMIENTO") -> SEGUIMIENTO | G26: Placement | H26: =IFERROR(__xludf.DUMMYFUNCTION("IFS( REGEXMATCH(LOWER(TRIM(U26)),""barcelona""), ""acc_139"", REGEXMATCH(LOWER(TRIM(U26)),""madrid""), ""acc_148"", REGEXMATCH(LOWER(TRIM(U26)),""zaragoza""), ""acc_149"", REGEXMATCH(LOWER(TRIM(U26)),""ibiza""), ""acc_140"", REGEXMATCH(LOWER(TRI"&"M(U26)),""mallorca""), ""acc_140"", REGEXMATCH(LOWER(TRIM(U26)),""menorca""), ""acc_150"", TRUE, """" ) "),"acc_148") -> acc_148 | I26: Luis Magaña | K26: Placement | L26: =IFERROR(__xludf.DUMMYFUNCTION("LET( s, UPPER(TRIM(T26)), IF(REGEXMATCH(s,""CLOSED.*WON""), ""ACTIVA"", IF(REGEXMATCH(s,""CLOSED.*LOST""), ""FALLIDA"", IF(REGEXMATCH(s,""CONTACT.*NEXT.*SEASON""), ""POTENCIAL"", IF(REGEXMATCH(s,""\bLEAD\b""), ""LEAD"", IF(REGEXMATCH(s,""INTER"&"EST|POTENTIAL""), ""SEGUIMIENTO"", ""SEGUIMIENTO""))))) ) "),"ACTIVA") -> ACTIVA | N26: =V26 -> Alfonso | O26: =W26 | S26: FALSE | T26: CLOSED / WON | U26: Madrid | V26: Alfonso
A27: acc_026 | B27: Cockatil Bar 1885 | C27: =IFERROR(__xludf.DUMMYFUNCTION("IFS( REGEXMATCH(LOWER(TRIM(N27)),""nico""), ""us_001"", REGEXMATCH(LOWER(TRIM(N27)),""alfonso""), ""us_002"", REGEXMATCH(LOWER(TRIM(N27)),""patxi""), ""us_003"", REGEXMATCH(LOWER(TRIM(N27)),""martin""), ""us_004"", TRUE, ""us_999"" )"),"us_001") -> us_001 | D27: =IFERROR(__xludf.DUMMYFUNCTION("""COMPUTED_VALUE"""),"us_001") -> us_001 | E27: Horeca | F27: =IFERROR(__xludf.DUMMYFUNCTION("LET( s, UPPER(TRIM(N27)), IF(REGEXMATCH(s,""CLOSED.*WON""), ""ACTIVA"", IF(REGEXMATCH(s,""CLOSED.*LOST""), ""FALLIDA"", IF(REGEXMATCH(s,""CONTACT.*NEXT.*SEASON""), ""POTENCIAL"", IF(REGEXMATCH(s,""\bLEAD\b""), ""LEAD"", IF(REGEXMATCH(s,""INTER"&"EST|POTENTIAL""), ""SEGUIMIENTO"", ""SEGUIMIENTO""))))) ) "),"SEGUIMIENTO") -> SEGUIMIENTO | G27: Placement | H27: =IFERROR(__xludf.DUMMYFUNCTION("IFS( REGEXMATCH(LOWER(TRIM(U27)),""barcelona""), ""acc_139"", REGEXMATCH(LOWER(TRIM(U27)),""madrid""), ""acc_148"", REGEXMATCH(LOWER(TRIM(U27)),""zaragoza""), ""acc_149"", REGEXMATCH(LOWER(TRIM(U27)),""ibiza""), ""acc_140"", REGEXMATCH(LOWER(TRI"&"M(U27)),""mallorca""), ""acc_140"", REGEXMATCH(LOWER(TRIM(U27)),""menorca""), ""acc_150"", TRUE, """" ) "),"acc_149") -> acc_149 | K27: Placement | L27: =IFERROR(__xludf.DUMMYFUNCTION("LET( s, UPPER(TRIM(T27)), IF(REGEXMATCH(s,""CLOSED.*WON""), ""ACTIVA"", IF(REGEXMATCH(s,""CLOSED.*LOST""), ""FALLIDA"", IF(REGEXMATCH(s,""CONTACT.*NEXT.*SEASON""), ""POTENCIAL"", IF(REGEXMATCH(s,""\bLEAD\b""), ""LEAD"", IF(REGEXMATCH(s,""INTER"&"EST|POTENTIAL""), ""SEGUIMIENTO"", ""SEGUIMIENTO""))))) ) "),"ACTIVA") -> ACTIVA | N27: =V27 -> Nico | O27: =W27 | S27: FALSE | T27: CLOSED / WON | U27: Zaragoza | V27: Nico
A28: acc_027 | B28: La embajada | C28: =IFERROR(__xludf.DUMMYFUNCTION("IFS( REGEXMATCH(LOWER(TRIM(N28)),""nico""), ""us_001"", REGEXMATCH(LOWER(TRIM(N28)),""alfonso""), ""us_002"", REGEXMATCH(LOWER(TRIM(N28)),""patxi""), ""us_003"", REGEXMATCH(LOWER(TRIM(N28)),""martin""), ""us_004"", TRUE, ""us_999"" )"),"us_001") -> us_001 | D28: =IFERROR(__xludf.DUMMYFUNCTION("""COMPUTED_VALUE"""),"us_001") -> us_001 | E28: Horeca | F28: =IFERROR(__xludf.DUMMYFUNCTION("LET( s, UPPER(TRIM(N28)), IF(REGEXMATCH(s,""CLOSED.*WON""), ""ACTIVA"", IF(REGEXMATCH(s,""CLOSED.*LOST""), ""FALLIDA"", IF(REGEXMATCH(s,""CONTACT.*NEXT.*SEASON""), ""POTENCIAL"", IF(REGEXMATCH(s,""\bLEAD\b""), ""LEAD"", IF(REGEXMATCH(s,""INTER"&"EST|POTENTIAL""), ""SEGUIMIENTO"", ""SEGUIMIENTO""))))) ) "),"SEGUIMIENTO") -> SEGUIMIENTO | G28: Placement | H28: =IFERROR(__xludf.DUMMYFUNCTION("IFS( REGEXMATCH(LOWER(TRIM(U28)),""barcelona""), ""acc_139"", REGEXMATCH(LOWER(TRIM(U28)),""madrid""), ""acc_148"", REGEXMATCH(LOWER(TRIM(U28)),""zaragoza""), ""acc_149"", REGEXMATCH(LOWER(TRIM(U28)),""ibiza""), ""acc_140"", REGEXMATCH(LOWER(TRI"&"M(U28)),""mallorca""), ""acc_140"", REGEXMATCH(LOWER(TRIM(U28)),""menorca""), ""acc_150"", TRUE, """" ) "),"acc_149") -> acc_149 | K28: Placement | L28: =IFERROR(__xludf.DUMMYFUNCTION("LET( s, UPPER(TRIM(T28)), IF(REGEXMATCH(s,""CLOSED.*WON""), ""ACTIVA"", IF(REGEXMATCH(s,""CLOSED.*LOST""), ""FALLIDA"", IF(REGEXMATCH(s,""CONTACT.*NEXT.*SEASON""), ""POTENCIAL"", IF(REGEXMATCH(s,""\bLEAD\b""), ""LEAD"", IF(REGEXMATCH(s,""INTER"&"EST|POTENTIAL""), ""SEGUIMIENTO"", ""SEGUIMIENTO""))))) ) "),"ACTIVA") -> ACTIVA | N28: =V28 -> Nico | O28: =W28 -> 4 cajas | S28: FALSE | T28: CLOSED / WON | U28: Zaragoza | V28: Nico | W28: 4 cajas
A29: acc_028 | B29: Tiare Beach Club | C29: =IFERROR(__xludf.DUMMYFUNCTION("IFS( REGEXMATCH(LOWER(TRIM(N29)),""nico""), ""us_001"", REGEXMATCH(LOWER(TRIM(N29)),""alfonso""), ""us_002"", REGEXMATCH(LOWER(TRIM(N29)),""patxi""), ""us_003"", REGEXMATCH(LOWER(TRIM(N29)),""martin""), ""us_004"", TRUE, ""us_999"" )"),"us_003") -> us_003 | D29: =IFERROR(__xludf.DUMMYFUNCTION("""COMPUTED_VALUE"""),"us_003") -> us_003 | E29: Horeca | F29: =IFERROR(__xludf.DUMMYFUNCTION("LET( s, UPPER(TRIM(N29)), IF(REGEXMATCH(s,""CLOSED.*WON""), ""ACTIVA"", IF(REGEXMATCH(s,""CLOSED.*LOST""), ""FALLIDA"", IF(REGEXMATCH(s,""CONTACT.*NEXT.*SEASON""), ""POTENCIAL"", IF(REGEXMATCH(s,""\bLEAD\b""), ""LEAD"", IF(REGEXMATCH(s,""INTER"&"EST|POTENTIAL""), ""SEGUIMIENTO"", ""SEGUIMIENTO""))))) ) "),"SEGUIMIENTO") -> SEGUIMIENTO | G29: Placement | H29: =IFERROR(__xludf.DUMMYFUNCTION("IFS( REGEXMATCH(LOWER(TRIM(U29)),""barcelona""), ""acc_139"", REGEXMATCH(LOWER(TRIM(U29)),""madrid""), ""acc_148"", REGEXMATCH(LOWER(TRIM(U29)),""zaragoza""), ""acc_149"", REGEXMATCH(LOWER(TRIM(U29)),""ibiza""), ""acc_140"", REGEXMATCH(LOWER(TRI"&"M(U29)),""mallorca""), ""acc_140"", REGEXMATCH(LOWER(TRIM(U29)),""menorca""), ""acc_150"", TRUE, """" ) "),"") | K29: Placement | L29: =IFERROR(__xludf.DUMMYFUNCTION("LET( s, UPPER(TRIM(T29)), IF(REGEXMATCH(s,""CLOSED.*WON""), ""ACTIVA"", IF(REGEXMATCH(s,""CLOSED.*LOST""), ""FALLIDA"", IF(REGEXMATCH(s,""CONTACT.*NEXT.*SEASON""), ""POTENCIAL"", IF(REGEXMATCH(s,""\bLEAD\b""), ""LEAD"", IF(REGEXMATCH(s,""INTER"&"EST|POTENTIAL""), ""SEGUIMIENTO"", ""SEGUIMIENTO""))))) ) "),"ACTIVA") -> ACTIVA | N29: =V29 -> Patxi | O29: =W29 | S29: FALSE | T29: CLOSED / WON | U29: Girona | V29: Patxi
A30: acc_029 | B30: Stop Supermercado | C30: =IFERROR(__xludf.DUMMYFUNCTION("IFS( REGEXMATCH(LOWER(TRIM(N30)),""nico""), ""us_001"", REGEXMATCH(LOWER(TRIM(N30)),""alfonso""), ""us_002"", REGEXMATCH(LOWER(TRIM(N30)),""patxi""), ""us_003"", REGEXMATCH(LOWER(TRIM(N30)),""martin""), ""us_004"", TRUE, ""us_999"" )"),"us_001") -> us_001 | D30: =IFERROR(__xludf.DUMMYFUNCTION("""COMPUTED_VALUE"""),"us_001") -> us_001 | E30: Horeca | F30: =IFERROR(__xludf.DUMMYFUNCTION("LET( s, UPPER(TRIM(N30)), IF(REGEXMATCH(s,""CLOSED.*WON""), ""ACTIVA"", IF(REGEXMATCH(s,""CLOSED.*LOST""), ""FALLIDA"", IF(REGEXMATCH(s,""CONTACT.*NEXT.*SEASON""), ""POTENCIAL"", IF(REGEXMATCH(s,""\bLEAD\b""), ""LEAD"", IF(REGEXMATCH(s,""INTER"&"EST|POTENTIAL""), ""SEGUIMIENTO"", ""SEGUIMIENTO""))))) ) "),"SEGUIMIENTO") -> SEGUIMIENTO | G30: Placement | H30: =IFERROR(__xludf.DUMMYFUNCTION("IFS( REGEXMATCH(LOWER(TRIM(U30)),""barcelona""), ""acc_139"", REGEXMATCH(LOWER(TRIM(U30)),""madrid""), ""acc_148"", REGEXMATCH(LOWER(TRIM(U30)),""zaragoza""), ""acc_149"", REGEXMATCH(LOWER(TRIM(U30)),""ibiza""), ""acc_140"", REGEXMATCH(LOWER(TRI"&"M(U30)),""mallorca""), ""acc_140"", REGEXMATCH(LOWER(TRIM(U30)),""menorca""), ""acc_150"", TRUE, """" ) "),"acc_140") -> acc_140 | K30: Placement | L30: =IFERROR(__xludf.DUMMYFUNCTION("LET( s, UPPER(TRIM(T30)), IF(REGEXMATCH(s,""CLOSED.*WON""), ""ACTIVA"", IF(REGEXMATCH(s,""CLOSED.*LOST""), ""FALLIDA"", IF(REGEXMATCH(s,""CONTACT.*NEXT.*SEASON""), ""POTENCIAL"", IF(REGEXMATCH(s,""\bLEAD\b""), ""LEAD"", IF(REGEXMATCH(s,""INTER"&"EST|POTENTIAL""), ""SEGUIMIENTO"", ""SEGUIMIENTO""))))) ) "),"ACTIVA") -> ACTIVA | N30: =V30 -> Nico | O30: =W30 -> 1 caja | S30: FALSE | T30: CLOSED / WON | U30: Ibiza | V30: Nico | W30: 1 caja
A31: acc_030 | B31: Flahertys | C31: =IFERROR(__xludf.DUMMYFUNCTION("IFS( REGEXMATCH(LOWER(TRIM(N31)),""nico""), ""us_001"", REGEXMATCH(LOWER(TRIM(N31)),""alfonso""), ""us_002"", REGEXMATCH(LOWER(TRIM(N31)),""patxi""), ""us_003"", REGEXMATCH(LOWER(TRIM(N31)),""martin""), ""us_004"", TRUE, ""us_999"" )"),"us_003") -> us_003 | D31: =IFERROR(__xludf.DUMMYFUNCTION("""COMPUTED_VALUE"""),"us_003") -> us_003 | E31: Horeca | F31: =IFERROR(__xludf.DUMMYFUNCTION("LET( s, UPPER(TRIM(N31)), IF(REGEXMATCH(s,""CLOSED.*WON""), ""ACTIVA"", IF(REGEXMATCH(s,""CLOSED.*LOST""), ""FALLIDA"", IF(REGEXMATCH(s,""CONTACT.*NEXT.*SEASON""), ""POTENCIAL"", IF(REGEXMATCH(s,""\bLEAD\b""), ""LEAD"", IF(REGEXMATCH(s,""INTER"&"EST|POTENTIAL""), ""SEGUIMIENTO"", ""SEGUIMIENTO""))))) ) "),"SEGUIMIENTO") -> SEGUIMIENTO | G31: Placement | H31: =IFERROR(__xludf.DUMMYFUNCTION("IFS( REGEXMATCH(LOWER(TRIM(U31)),""barcelona""), ""acc_139"", REGEXMATCH(LOWER(TRIM(U31)),""madrid""), ""acc_148"", REGEXMATCH(LOWER(TRIM(U31)),""zaragoza""), ""acc_149"", REGEXMATCH(LOWER(TRIM(U31)),""ibiza""), ""acc_140"", REGEXMATCH(LOWER(TRI"&"M(U31)),""mallorca""), ""acc_140"", REGEXMATCH(LOWER(TRIM(U31)),""menorca""), ""acc_150"", TRUE, """" ) "),"acc_140") -> acc_140 | K31: Placement | L31: =IFERROR(__xludf.DUMMYFUNCTION("LET( s, UPPER(TRIM(T31)), IF(REGEXMATCH(s,""CLOSED.*WON""), ""ACTIVA"", IF(REGEXMATCH(s,""CLOSED.*LOST""), ""FALLIDA"", IF(REGEXMATCH(s,""CONTACT.*NEXT.*SEASON""), ""POTENCIAL"", IF(REGEXMATCH(s,""\bLEAD\b""), ""LEAD"", IF(REGEXMATCH(s,""INTER"&"EST|POTENTIAL""), ""SEGUIMIENTO"", ""SEGUIMIENTO""))))) ) "),"ACTIVA") -> ACTIVA | N31: =V31 -> Patxi | O31: =W31 | S31: FALSE | T31: CLOSED / WON | U31: Ibiza | V31: Patxi
A32: acc_031 | B32: Burdel de Foc | C32: =IFERROR(__xludf.DUMMYFUNCTION("IFS( REGEXMATCH(LOWER(TRIM(N32)),""nico""), ""us_001"", REGEXMATCH(LOWER(TRIM(N32)),""alfonso""), ""us_002"", REGEXMATCH(LOWER(TRIM(N32)),""patxi""), ""us_003"", REGEXMATCH(LOWER(TRIM(N32)),""martin""), ""us_004"", TRUE, ""us_999"" )"),"us_001") -> us_001 | D32: =IFERROR(__xludf.DUMMYFUNCTION("""COMPUTED_VALUE"""),"us_001") -> us_001 | E32: Horeca | F32: =IFERROR(__xludf.DUMMYFUNCTION("LET( s, UPPER(TRIM(N32)), IF(REGEXMATCH(s,""CLOSED.*WON""), ""ACTIVA"", IF(REGEXMATCH(s,""CLOSED.*LOST""), ""FALLIDA"", IF(REGEXMATCH(s,""CONTACT.*NEXT.*SEASON""), ""POTENCIAL"", IF(REGEXMATCH(s,""\bLEAD\b""), ""LEAD"", IF(REGEXMATCH(s,""INTER"&"EST|POTENTIAL""), ""SEGUIMIENTO"", ""SEGUIMIENTO""))))) ) "),"SEGUIMIENTO") -> SEGUIMIENTO | G32: Placement | H32: =IFERROR(__xludf.DUMMYFUNCTION("IFS( REGEXMATCH(LOWER(TRIM(U32)),""barcelona""), ""acc_139"", REGEXMATCH(LOWER(TRIM(U32)),""madrid""), ""acc_148"", REGEXMATCH(LOWER(TRIM(U32)),""zaragoza""), ""acc_149"", REGEXMATCH(LOWER(TRIM(U32)),""ibiza""), ""acc_140"", REGEXMATCH(LOWER(TRI"&"M(U32)),""mallorca""), ""acc_140"", REGEXMATCH(LOWER(TRIM(U32)),""menorca""), ""acc_150"", TRUE, """" ) "),"acc_150") -> acc_150 | I32: Fran | K32: Placement | L32: =IFERROR(__xludf.DUMMYFUNCTION("LET( s, UPPER(TRIM(T32)), IF(REGEXMATCH(s,""CLOSED.*WON""), ""ACTIVA"", IF(REGEXMATCH(s,""CLOSED.*LOST""), ""FALLIDA"", IF(REGEXMATCH(s,""CONTACT.*NEXT.*SEASON""), ""POTENCIAL"", IF(REGEXMATCH(s,""\bLEAD\b""), ""LEAD"", IF(REGEXMATCH(s,""INTER"&"EST|POTENTIAL""), ""SEGUIMIENTO"", ""SEGUIMIENTO""))))) ) "),"POTENCIAL") -> POTENCIAL | N32: =V32 -> Nico | O32: =W32 | T32: CONTACT NEXT SEASON | U32: Menorca | V32: Nico
A33: acc_032 | B33: Filemon | C33: =IFERROR(__xludf.DUMMYFUNCTION("IFS( REGEXMATCH(LOWER(TRIM(N33)),""nico""), ""us_001"", REGEXMATCH(LOWER(TRIM(N33)),""alfonso""), ""us_002"", REGEXMATCH(LOWER(TRIM(N33)),""patxi""), ""us_003"", REGEXMATCH(LOWER(TRIM(N33)),""martin""), ""us_004"", TRUE, ""us_999"" )"),"us_002") -> us_002 | D33: =IFERROR(__xludf.DUMMYFUNCTION("""COMPUTED_VALUE"""),"us_002") -> us_002 | E33: Horeca | F33: =IFERROR(__xludf.DUMMYFUNCTION("LET( s, UPPER(TRIM(N33)), IF(REGEXMATCH(s,""CLOSED.*WON""), ""ACTIVA"", IF(REGEXMATCH(s,""CLOSED.*LOST""), ""FALLIDA"", IF(REGEXMATCH(s,""CONTACT.*NEXT.*SEASON""), ""POTENCIAL"", IF(REGEXMATCH(s,""\bLEAD\b""), ""LEAD"", IF(REGEXMATCH(s,""INTER"&"EST|POTENTIAL""), ""SEGUIMIENTO"", ""SEGUIMIENTO""))))) ) "),"SEGUIMIENTO") -> SEGUIMIENTO | G33: Placement | H33: =IFERROR(__xludf.DUMMYFUNCTION("IFS( REGEXMATCH(LOWER(TRIM(U33)),""barcelona""), ""acc_139"", REGEXMATCH(LOWER(TRIM(U33)),""madrid""), ""acc_148"", REGEXMATCH(LOWER(TRIM(U33)),""zaragoza""), ""acc_149"", REGEXMATCH(LOWER(TRIM(U33)),""ibiza""), ""acc_140"", REGEXMATCH(LOWER(TRI"&"M(U33)),""mallorca""), ""acc_140"", REGEXMATCH(LOWER(TRIM(U33)),""menorca""), ""acc_150"", TRUE, """" ) "),"acc_148") -> acc_148 | K33: Placement | L33: =IFERROR(__xludf.DUMMYFUNCTION("LET( s, UPPER(TRIM(T33)), IF(REGEXMATCH(s,""CLOSED.*WON""), ""ACTIVA"", IF(REGEXMATCH(s,""CLOSED.*LOST""), ""FALLIDA"", IF(REGEXMATCH(s,""CONTACT.*NEXT.*SEASON""), ""POTENCIAL"", IF(REGEXMATCH(s,""\bLEAD\b""), ""LEAD"", IF(REGEXMATCH(s,""INTER"&"EST|POTENTIAL""), ""SEGUIMIENTO"", ""SEGUIMIENTO""))))) ) "),"SEGUIMIENTO") -> SEGUIMIENTO | N33: =V33 -> Alfonso | O33: =W33 | S33: FALSE | T33: CONTACTED | U33: Madrid | V33: Alfonso
A34: acc_033 | B34: La Rubia | C34: =IFERROR(__xludf.DUMMYFUNCTION("IFS( REGEXMATCH(LOWER(TRIM(N34)),""nico""), ""us_001"", REGEXMATCH(LOWER(TRIM(N34)),""alfonso""), ""us_002"", REGEXMATCH(LOWER(TRIM(N34)),""patxi""), ""us_003"", REGEXMATCH(LOWER(TRIM(N34)),""martin""), ""us_004"", TRUE, ""us_999"" )"),"us_002") -> us_002 | D34: =IFERROR(__xludf.DUMMYFUNCTION("""COMPUTED_VALUE"""),"us_002") -> us_002 | E34: Horeca | F34: =IFERROR(__xludf.DUMMYFUNCTION("LET( s, UPPER(TRIM(N34)), IF(REGEXMATCH(s,""CLOSED.*WON""), ""ACTIVA"", IF(REGEXMATCH(s,""CLOSED.*LOST""), ""FALLIDA"", IF(REGEXMATCH(s,""CONTACT.*NEXT.*SEASON""), ""POTENCIAL"", IF(REGEXMATCH(s,""\bLEAD\b""), ""LEAD"", IF(REGEXMATCH(s,""INTER"&"EST|POTENTIAL""), ""SEGUIMIENTO"", ""SEGUIMIENTO""))))) ) "),"SEGUIMIENTO") -> SEGUIMIENTO | G34: Placement | H34: =IFERROR(__xludf.DUMMYFUNCTION("IFS( REGEXMATCH(LOWER(TRIM(U34)),""barcelona""), ""acc_139"", REGEXMATCH(LOWER(TRIM(U34)),""madrid""), ""acc_148"", REGEXMATCH(LOWER(TRIM(U34)),""zaragoza""), ""acc_149"", REGEXMATCH(LOWER(TRIM(U34)),""ibiza""), ""acc_140"", REGEXMATCH(LOWER(TRI"&"M(U34)),""mallorca""), ""acc_140"", REGEXMATCH(LOWER(TRIM(U34)),""menorca""), ""acc_150"", TRUE, """" ) "),"acc_148") -> acc_148 | I34: Nene | K34: Placement | L34: =IFERROR(__xludf.DUMMYFUNCTION("LET( s, UPPER(TRIM(T34)), IF(REGEXMATCH(s,""CLOSED.*WON""), ""ACTIVA"", IF(REGEXMATCH(s,""CLOSED.*LOST""), ""FALLIDA"", IF(REGEXMATCH(s,""CONTACT.*NEXT.*SEASON""), ""POTENCIAL"", IF(REGEXMATCH(s,""\bLEAD\b""), ""LEAD"", IF(REGEXMATCH(s,""INTER"&"EST|POTENTIAL""), ""SEGUIMIENTO"", ""SEGUIMIENTO""))))) ) "),"SEGUIMIENTO") -> SEGUIMIENTO | N34: =V34 -> Alfonso | O34: =W34 | S34: FALSE | T34: CONTACTED | U34: Madrid | V34: Alfonso
A35: acc_034 | B35: Grupo dejate llevar | C35: =IFERROR(__xludf.DUMMYFUNCTION("IFS( REGEXMATCH(LOWER(TRIM(N35)),""nico""), ""us_001"", REGEXMATCH(LOWER(TRIM(N35)),""alfonso""), ""us_002"", REGEXMATCH(LOWER(TRIM(N35)),""patxi""), ""us_003"", REGEXMATCH(LOWER(TRIM(N35)),""martin""), ""us_004"", TRUE, ""us_999"" )"),"us_002") -> us_002 | D35: =IFERROR(__xludf.DUMMYFUNCTION("""COMPUTED_VALUE"""),"us_002") -> us_002 | E35: Horeca | F35: =IFERROR(__xludf.DUMMYFUNCTION("LET( s, UPPER(TRIM(N35)), IF(REGEXMATCH(s,""CLOSED.*WON""), ""ACTIVA"", IF(REGEXMATCH(s,""CLOSED.*LOST""), ""FALLIDA"", IF(REGEXMATCH(s,""CONTACT.*NEXT.*SEASON""), ""POTENCIAL"", IF(REGEXMATCH(s,""\bLEAD\b""), ""LEAD"", IF(REGEXMATCH(s,""INTER"&"EST|POTENTIAL""), ""SEGUIMIENTO"", ""SEGUIMIENTO""))))) ) "),"SEGUIMIENTO") -> SEGUIMIENTO | G35: Placement | H35: =IFERROR(__xludf.DUMMYFUNCTION("IFS( REGEXMATCH(LOWER(TRIM(U35)),""barcelona""), ""acc_139"", REGEXMATCH(LOWER(TRIM(U35)),""madrid""), ""acc_148"", REGEXMATCH(LOWER(TRIM(U35)),""zaragoza""), ""acc_149"", REGEXMATCH(LOWER(TRIM(U35)),""ibiza""), ""acc_140"", REGEXMATCH(LOWER(TRI"&"M(U35)),""mallorca""), ""acc_140"", REGEXMATCH(LOWER(TRIM(U35)),""menorca""), ""acc_150"", TRUE, """" ) "),"acc_148") -> acc_148 | I35: Guiller Bragado | K35: Placement | L35: =IFERROR(__xludf.DUMMYFUNCTION("LET( s, UPPER(TRIM(T35)), IF(REGEXMATCH(s,""CLOSED.*WON""), ""ACTIVA"", IF(REGEXMATCH(s,""CLOSED.*LOST""), ""FALLIDA"", IF(REGEXMATCH(s,""CONTACT.*NEXT.*SEASON""), ""POTENCIAL"", IF(REGEXMATCH(s,""\bLEAD\b""), ""LEAD"", IF(REGEXMATCH(s,""INTER"&"EST|POTENTIAL""), ""SEGUIMIENTO"", ""SEGUIMIENTO""))))) ) "),"SEGUIMIENTO") -> SEGUIMIENTO | N35: =V35 -> Alfonso | O35: =W35 | S35: FALSE | T35: CONTACTED | U35: Madrid | V35: Alfonso
A36: acc_035 | B36: Las Terrazas | C36: =IFERROR(__xludf.DUMMYFUNCTION("IFS( REGEXMATCH(LOWER(TRIM(N36)),""nico""), ""us_001"", REGEXMATCH(LOWER(TRIM(N36)),""alfonso""), ""us_002"", REGEXMATCH(LOWER(TRIM(N36)),""patxi""), ""us_003"", REGEXMATCH(LOWER(TRIM(N36)),""martin""), ""us_004"", TRUE, ""us_999"" )"),"us_002") -> us_002 | D36: =IFERROR(__xludf.DUMMYFUNCTION("""COMPUTED_VALUE"""),"us_002") -> us_002 | E36: Horeca | F36: =IFERROR(__xludf.DUMMYFUNCTION("LET( s, UPPER(TRIM(N36)), IF(REGEXMATCH(s,""CLOSED.*WON""), ""ACTIVA"", IF(REGEXMATCH(s,""CLOSED.*LOST""), ""FALLIDA"", IF(REGEXMATCH(s,""CONTACT.*NEXT.*SEASON""), ""POTENCIAL"", IF(REGEXMATCH(s,""\bLEAD\b""), ""LEAD"", IF(REGEXMATCH(s,""INTER"&"EST|POTENTIAL""), ""SEGUIMIENTO"", ""SEGUIMIENTO""))))) ) "),"SEGUIMIENTO") -> SEGUIMIENTO | G36: Placement | H36: =IFERROR(__xludf.DUMMYFUNCTION("IFS( REGEXMATCH(LOWER(TRIM(U36)),""barcelona""), ""acc_139"", REGEXMATCH(LOWER(TRIM(U36)),""madrid""), ""acc_148"", REGEXMATCH(LOWER(TRIM(U36)),""zaragoza""), ""acc_149"", REGEXMATCH(LOWER(TRIM(U36)),""ibiza""), ""acc_140"", REGEXMATCH(LOWER(TRI"&"M(U36)),""mallorca""), ""acc_140"", REGEXMATCH(LOWER(TRIM(U36)),""menorca""), ""acc_150"", TRUE, """" ) "),"acc_148") -> acc_148 | I36: El patillas | K36: Placement | L36: =IFERROR(__xludf.DUMMYFUNCTION("LET( s, UPPER(TRIM(T36)), IF(REGEXMATCH(s,""CLOSED.*WON""), ""ACTIVA"", IF(REGEXMATCH(s,""CLOSED.*LOST""), ""FALLIDA"", IF(REGEXMATCH(s,""CONTACT.*NEXT.*SEASON""), ""POTENCIAL"", IF(REGEXMATCH(s,""\bLEAD\b""), ""LEAD"", IF(REGEXMATCH(s,""INTER"&"EST|POTENTIAL""), ""SEGUIMIENTO"", ""SEGUIMIENTO""))))) ) "),"SEGUIMIENTO") -> SEGUIMIENTO | N36: =V36 -> Alfonso | O36: =W36 | S36: FALSE | T36: CONTACTED | U36: Madrid | V36: Alfonso
A37: acc_036 | B37: Lanteo | C37: =IFERROR(__xludf.DUMMYFUNCTION("IFS( REGEXMATCH(LOWER(TRIM(N37)),""nico""), ""us_001"", REGEXMATCH(LOWER(TRIM(N37)),""alfonso""), ""us_002"", REGEXMATCH(LOWER(TRIM(N37)),""patxi""), ""us_003"", REGEXMATCH(LOWER(TRIM(N37)),""martin""), ""us_004"", TRUE, ""us_999"" )"),"us_002") -> us_002 | D37: =IFERROR(__xludf.DUMMYFUNCTION("""COMPUTED_VALUE"""),"us_002") -> us_002 | E37: Horeca | F37: =IFERROR(__xludf.DUMMYFUNCTION("LET( s, UPPER(TRIM(N37)), IF(REGEXMATCH(s,""CLOSED.*WON""), ""ACTIVA"", IF(REGEXMATCH(s,""CLOSED.*LOST""), ""FALLIDA"", IF(REGEXMATCH(s,""CONTACT.*NEXT.*SEASON""), ""POTENCIAL"", IF(REGEXMATCH(s,""\bLEAD\b""), ""LEAD"", IF(REGEXMATCH(s,""INTER"&"EST|POTENTIAL""), ""SEGUIMIENTO"", ""SEGUIMIENTO""))))) ) "),"SEGUIMIENTO") -> SEGUIMIENTO | G37: Placement | H37: =IFERROR(__xludf.DUMMYFUNCTION("IFS( REGEXMATCH(LOWER(TRIM(U37)),""barcelona""), ""acc_139"", REGEXMATCH(LOWER(TRIM(U37)),""madrid""), ""acc_148"", REGEXMATCH(LOWER(TRIM(U37)),""zaragoza""), ""acc_149"", REGEXMATCH(LOWER(TRIM(U37)),""ibiza""), ""acc_140"", REGEXMATCH(LOWER(TRI"&"M(U37)),""mallorca""), ""acc_140"", REGEXMATCH(LOWER(TRIM(U37)),""menorca""), ""acc_150"", TRUE, """" ) "),"acc_148") -> acc_148 | I37: Berni Landeta | K37: Placement | L37: =IFERROR(__xludf.DUMMYFUNCTION("LET( s, UPPER(TRIM(T37)), IF(REGEXMATCH(s,""CLOSED.*WON""), ""ACTIVA"", IF(REGEXMATCH(s,""CLOSED.*LOST""), ""FALLIDA"", IF(REGEXMATCH(s,""CONTACT.*NEXT.*SEASON""), ""POTENCIAL"", IF(REGEXMATCH(s,""\bLEAD\b""), ""LEAD"", IF(REGEXMATCH(s,""INTER"&"EST|POTENTIAL""), ""SEGUIMIENTO"", ""SEGUIMIENTO""))))) ) "),"ACTIVA") -> ACTIVA | N37: =V37 -> Alfonso | O37: =W37 -> 1 caja | S37: FALSE | T37: CLOSED / WON | U37: Madrid | V37: Alfonso | W37: 1 caja
A38: acc_037 | B38: Grupo Dani García | C38: =IFERROR(__xludf.DUMMYFUNCTION("IFS( REGEXMATCH(LOWER(TRIM(N38)),""nico""), ""us_001"", REGEXMATCH(LOWER(TRIM(N38)),""alfonso""), ""us_002"", REGEXMATCH(LOWER(TRIM(N38)),""patxi""), ""us_003"", REGEXMATCH(LOWER(TRIM(N38)),""martin""), ""us_004"", TRUE, ""us_999"" )"),"us_002") -> us_002 | D38: =IFERROR(__xludf.DUMMYFUNCTION("""COMPUTED_VALUE"""),"us_002") -> us_002 | E38: Horeca | F38: =IFERROR(__xludf.DUMMYFUNCTION("LET( s, UPPER(TRIM(N38)), IF(REGEXMATCH(s,""CLOSED.*WON""), ""ACTIVA"", IF(REGEXMATCH(s,""CLOSED.*LOST""), ""FALLIDA"", IF(REGEXMATCH(s,""CONTACT.*NEXT.*SEASON""), ""POTENCIAL"", IF(REGEXMATCH(s,""\bLEAD\b""), ""LEAD"", IF(REGEXMATCH(s,""INTER"&"EST|POTENTIAL""), ""SEGUIMIENTO"", ""SEGUIMIENTO""))))) ) "),"SEGUIMIENTO") -> SEGUIMIENTO | G38: Placement | H38: =IFERROR(__xludf.DUMMYFUNCTION("IFS( REGEXMATCH(LOWER(TRIM(U38)),""barcelona""), ""acc_139"", REGEXMATCH(LOWER(TRIM(U38)),""madrid""), ""acc_148"", REGEXMATCH(LOWER(TRIM(U38)),""zaragoza""), ""acc_149"", REGEXMATCH(LOWER(TRIM(U38)),""ibiza""), ""acc_140"", REGEXMATCH(LOWER(TRI"&"M(U38)),""mallorca""), ""acc_140"", REGEXMATCH(LOWER(TRIM(U38)),""menorca""), ""acc_150"", TRUE, """" ) "),"acc_148") -> acc_148 | I38: Dani García | K38: Placement | L38: =IFERROR(__xludf.DUMMYFUNCTION("LET( s, UPPER(TRIM(T38)), IF(REGEXMATCH(s,""CLOSED.*WON""), ""ACTIVA"", IF(REGEXMATCH(s,""CLOSED.*LOST""), ""FALLIDA"", IF(REGEXMATCH(s,""CONTACT.*NEXT.*SEASON""), ""POTENCIAL"", IF(REGEXMATCH(s,""\bLEAD\b""), ""LEAD"", IF(REGEXMATCH(s,""INTER"&"EST|POTENTIAL""), ""SEGUIMIENTO"", ""SEGUIMIENTO""))))) ) "),"SEGUIMIENTO") -> SEGUIMIENTO | N38: =V38 -> Alfonso | O38: =W38 | T38: CONTACTED | U38: Madrid, Anadalucía | V38: Alfonso
A39: acc_038 | B39: Corte Inglés | C39: =IFERROR(__xludf.DUMMYFUNCTION("IFS( REGEXMATCH(LOWER(TRIM(N39)),""nico""), ""us_001"", REGEXMATCH(LOWER(TRIM(N39)),""alfonso""), ""us_002"", REGEXMATCH(LOWER(TRIM(N39)),""patxi""), ""us_003"", REGEXMATCH(LOWER(TRIM(N39)),""martin""), ""us_004"", TRUE, ""us_999"" )"),"us_002") -> us_002 | D39: =IFERROR(__xludf.DUMMYFUNCTION("""COMPUTED_VALUE"""),"us_002") -> us_002 | E39: Horeca | F39: =IFERROR(__xludf.DUMMYFUNCTION("LET( s, UPPER(TRIM(N39)), IF(REGEXMATCH(s,""CLOSED.*WON""), ""ACTIVA"", IF(REGEXMATCH(s,""CLOSED.*LOST""), ""FALLIDA"", IF(REGEXMATCH(s,""CONTACT.*NEXT.*SEASON""), ""POTENCIAL"", IF(REGEXMATCH(s,""\bLEAD\b""), ""LEAD"", IF(REGEXMATCH(s,""INTER"&"EST|POTENTIAL""), ""SEGUIMIENTO"", ""SEGUIMIENTO""))))) ) "),"SEGUIMIENTO") -> SEGUIMIENTO | G39: Placement | H39: =IFERROR(__xludf.DUMMYFUNCTION("IFS( REGEXMATCH(LOWER(TRIM(U39)),""barcelona""), ""acc_139"", REGEXMATCH(LOWER(TRIM(U39)),""madrid""), ""acc_148"", REGEXMATCH(LOWER(TRIM(U39)),""zaragoza""), ""acc_149"", REGEXMATCH(LOWER(TRIM(U39)),""ibiza""), ""acc_140"", REGEXMATCH(LOWER(TRI"&"M(U39)),""mallorca""), ""acc_140"", REGEXMATCH(LOWER(TRIM(U39)),""menorca""), ""acc_150"", TRUE, """" ) "),"acc_148") -> acc_148 | I39: Marta Álvarez | K39: Placement | L39: =IFERROR(__xludf.DUMMYFUNCTION("LET( s, UPPER(TRIM(T39)), IF(REGEXMATCH(s,""CLOSED.*WON""), ""ACTIVA"", IF(REGEXMATCH(s,""CLOSED.*LOST""), ""FALLIDA"", IF(REGEXMATCH(s,""CONTACT.*NEXT.*SEASON""), ""POTENCIAL"", IF(REGEXMATCH(s,""\bLEAD\b""), ""LEAD"", IF(REGEXMATCH(s,""INTER"&"EST|POTENTIAL""), ""SEGUIMIENTO"", ""SEGUIMIENTO""))))) ) "),"SEGUIMIENTO") -> SEGUIMIENTO | N39: =V39 -> Alfonso | O39: =W39 | S39: FALSE | T39: CONTACTED | U39: Madrid | V39: Alfonso
A40: acc_039 | B40: Marea | C40: =IFERROR(__xludf.DUMMYFUNCTION("IFS( REGEXMATCH(LOWER(TRIM(N40)),""nico""), ""us_001"", REGEXMATCH(LOWER(TRIM(N40)),""alfonso""), ""us_002"", REGEXMATCH(LOWER(TRIM(N40)),""patxi""), ""us_003"", REGEXMATCH(LOWER(TRIM(N40)),""martin""), ""us_004"", TRUE, ""us_999"" )"),"us_002") -> us_002 | D40: =IFERROR(__xludf.DUMMYFUNCTION("""COMPUTED_VALUE"""),"us_002") -> us_002 | E40: Horeca | F40: =IFERROR(__xludf.DUMMYFUNCTION("LET( s, UPPER(TRIM(N40)), IF(REGEXMATCH(s,""CLOSED.*WON""), ""ACTIVA"", IF(REGEXMATCH(s,""CLOSED.*LOST""), ""FALLIDA"", IF(REGEXMATCH(s,""CONTACT.*NEXT.*SEASON""), ""POTENCIAL"", IF(REGEXMATCH(s,""\bLEAD\b""), ""LEAD"", IF(REGEXMATCH(s,""INTER"&"EST|POTENTIAL""), ""SEGUIMIENTO"", ""SEGUIMIENTO""))))) ) "),"SEGUIMIENTO") -> SEGUIMIENTO | G40: Placement | H40: =IFERROR(__xludf.DUMMYFUNCTION("IFS( REGEXMATCH(LOWER(TRIM(U40)),""barcelona""), ""acc_139"", REGEXMATCH(LOWER(TRIM(U40)),""madrid""), ""acc_148"", REGEXMATCH(LOWER(TRIM(U40)),""zaragoza""), ""acc_149"", REGEXMATCH(LOWER(TRIM(U40)),""ibiza""), ""acc_140"", REGEXMATCH(LOWER(TRI"&"M(U40)),""mallorca""), ""acc_140"", REGEXMATCH(LOWER(TRIM(U40)),""menorca""), ""acc_150"", TRUE, """" ) "),"acc_148") -> acc_148 | I40: Alex | K40: Placement | L40: =IFERROR(__xludf.DUMMYFUNCTION("LET( s, UPPER(TRIM(T40)), IF(REGEXMATCH(s,""CLOSED.*WON""), ""ACTIVA"", IF(REGEXMATCH(s,""CLOSED.*LOST""), ""FALLIDA"", IF(REGEXMATCH(s,""CONTACT.*NEXT.*SEASON""), ""POTENCIAL"", IF(REGEXMATCH(s,""\bLEAD\b""), ""LEAD"", IF(REGEXMATCH(s,""INTER"&"EST|POTENTIAL""), ""SEGUIMIENTO"", ""SEGUIMIENTO""))))) ) "),"SEGUIMIENTO") -> SEGUIMIENTO | N40: =V40 -> Alfonso | O40: =W40 | S40: FALSE | T40: CONTACTED | U40: Madrid | V40: Alfonso
A41: acc_040 | B41: Grupo Paladium | C41: =IFERROR(__xludf.DUMMYFUNCTION("IFS( REGEXMATCH(LOWER(TRIM(N41)),""nico""), ""us_001"", REGEXMATCH(LOWER(TRIM(N41)),""alfonso""), ""us_002"", REGEXMATCH(LOWER(TRIM(N41)),""patxi""), ""us_003"", REGEXMATCH(LOWER(TRIM(N41)),""martin""), ""us_004"", TRUE, ""us_999"" )"),"us_002") -> us_002 | D41: =IFERROR(__xludf.DUMMYFUNCTION("""COMPUTED_VALUE"""),"us_002") -> us_002 | E41: Horeca | F41: =IFERROR(__xludf.DUMMYFUNCTION("LET( s, UPPER(TRIM(N41)), IF(REGEXMATCH(s,""CLOSED.*WON""), ""ACTIVA"", IF(REGEXMATCH(s,""CLOSED.*LOST""), ""FALLIDA"", IF(REGEXMATCH(s,""CONTACT.*NEXT.*SEASON""), ""POTENCIAL"", IF(REGEXMATCH(s,""\bLEAD\b""), ""LEAD"", IF(REGEXMATCH(s,""INTER"&"EST|POTENTIAL""), ""SEGUIMIENTO"", ""SEGUIMIENTO""))))) ) "),"SEGUIMIENTO") -> SEGUIMIENTO | G41: Placement | H41: =IFERROR(__xludf.DUMMYFUNCTION("IFS( REGEXMATCH(LOWER(TRIM(U41)),""barcelona""), ""acc_139"", REGEXMATCH(LOWER(TRIM(U41)),""madrid""), ""acc_148"", REGEXMATCH(LOWER(TRIM(U41)),""zaragoza""), ""acc_149"", REGEXMATCH(LOWER(TRIM(U41)),""ibiza""), ""acc_140"", REGEXMATCH(LOWER(TRI"&"M(U41)),""mallorca""), ""acc_140"", REGEXMATCH(LOWER(TRIM(U41)),""menorca""), ""acc_150"", TRUE, """" ) "),"acc_148") -> acc_148 | I41: Dani Sakovic Matutes | K41: Placement | L41: =IFERROR(__xludf.DUMMYFUNCTION("LET( s, UPPER(TRIM(T41)), IF(REGEXMATCH(s,""CLOSED.*WON""), ""ACTIVA"", IF(REGEXMATCH(s,""CLOSED.*LOST""), ""FALLIDA"", IF(REGEXMATCH(s,""CONTACT.*NEXT.*SEASON""), ""POTENCIAL"", IF(REGEXMATCH(s,""\bLEAD\b""), ""LEAD"", IF(REGEXMATCH(s,""INTER"&"EST|POTENTIAL""), ""SEGUIMIENTO"", ""SEGUIMIENTO""))))) ) "),"SEGUIMIENTO") -> SEGUIMIENTO | N41: =V41 -> Alfonso | O41: =W41 | S41: FALSE | T41: CONTACTED | U41: Madrid | V41: Alfonso
A42: acc_041 | B42: Catering Samantha | C42: =IFERROR(__xludf.DUMMYFUNCTION("IFS( REGEXMATCH(LOWER(TRIM(N42)),""nico""), ""us_001"", REGEXMATCH(LOWER(TRIM(N42)),""alfonso""), ""us_002"", REGEXMATCH(LOWER(TRIM(N42)),""patxi""), ""us_003"", REGEXMATCH(LOWER(TRIM(N42)),""martin""), ""us_004"", TRUE, ""us_999"" )"),"us_001") -> us_001 | D42: =IFERROR(__xludf.DUMMYFUNCTION("""COMPUTED_VALUE"""),"us_001") -> us_001 | E42: Horeca | F42: =IFERROR(__xludf.DUMMYFUNCTION("LET( s, UPPER(TRIM(N42)), IF(REGEXMATCH(s,""CLOSED.*WON""), ""ACTIVA"", IF(REGEXMATCH(s,""CLOSED.*LOST""), ""FALLIDA"", IF(REGEXMATCH(s,""CONTACT.*NEXT.*SEASON""), ""POTENCIAL"", IF(REGEXMATCH(s,""\bLEAD\b""), ""LEAD"", IF(REGEXMATCH(s,""INTER"&"EST|POTENTIAL""), ""SEGUIMIENTO"", ""SEGUIMIENTO""))))) ) "),"SEGUIMIENTO") -> SEGUIMIENTO | G42: Placement | H42: =IFERROR(__xludf.DUMMYFUNCTION("IFS( REGEXMATCH(LOWER(TRIM(U42)),""barcelona""), ""acc_139"", REGEXMATCH(LOWER(TRIM(U42)),""madrid""), ""acc_148"", REGEXMATCH(LOWER(TRIM(U42)),""zaragoza""), ""acc_149"", REGEXMATCH(LOWER(TRIM(U42)),""ibiza""), ""acc_140"", REGEXMATCH(LOWER(TRI"&"M(U42)),""mallorca""), ""acc_140"", REGEXMATCH(LOWER(TRIM(U42)),""menorca""), ""acc_150"", TRUE, """" ) "),"acc_148") -> acc_148 | I42: Samantha | K42: Placement | L42: =IFERROR(__xludf.DUMMYFUNCTION("LET( s, UPPER(TRIM(T42)), IF(REGEXMATCH(s,""CLOSED.*WON""), ""ACTIVA"", IF(REGEXMATCH(s,""CLOSED.*LOST""), ""FALLIDA"", IF(REGEXMATCH(s,""CONTACT.*NEXT.*SEASON""), ""POTENCIAL"", IF(REGEXMATCH(s,""\bLEAD\b""), ""LEAD"", IF(REGEXMATCH(s,""INTER"&"EST|POTENTIAL""), ""SEGUIMIENTO"", ""SEGUIMIENTO""))))) ) "),"SEGUIMIENTO") -> SEGUIMIENTO | N42: =V42 -> Nico | O42: =W42 | S42: FALSE | T42: CONTACTED | U42: Madrid | V42: Nico
A43: acc_042 | B43: Varma | C43: =IFERROR(__xludf.DUMMYFUNCTION("IFS( REGEXMATCH(LOWER(TRIM(N43)),""nico""), ""us_001"", REGEXMATCH(LOWER(TRIM(N43)),""alfonso""), ""us_002"", REGEXMATCH(LOWER(TRIM(N43)),""patxi""), ""us_003"", REGEXMATCH(LOWER(TRIM(N43)),""martin""), ""us_004"", TRUE, ""us_999"" )"),"us_001") -> us_001 | D43: =IFERROR(__xludf.DUMMYFUNCTION("""COMPUTED_VALUE"""),"us_001") -> us_001 | E43: Horeca | F43: =IFERROR(__xludf.DUMMYFUNCTION("LET( s, UPPER(TRIM(N43)), IF(REGEXMATCH(s,""CLOSED.*WON""), ""ACTIVA"", IF(REGEXMATCH(s,""CLOSED.*LOST""), ""FALLIDA"", IF(REGEXMATCH(s,""CONTACT.*NEXT.*SEASON""), ""POTENCIAL"", IF(REGEXMATCH(s,""\bLEAD\b""), ""LEAD"", IF(REGEXMATCH(s,""INTER"&"EST|POTENTIAL""), ""SEGUIMIENTO"", ""SEGUIMIENTO""))))) ) "),"SEGUIMIENTO") -> SEGUIMIENTO | G43: Placement | H43: =IFERROR(__xludf.DUMMYFUNCTION("IFS( REGEXMATCH(LOWER(TRIM(U43)),""barcelona""), ""acc_139"", REGEXMATCH(LOWER(TRIM(U43)),""madrid""), ""acc_148"", REGEXMATCH(LOWER(TRIM(U43)),""zaragoza""), ""acc_149"", REGEXMATCH(LOWER(TRIM(U43)),""ibiza""), ""acc_140"", REGEXMATCH(LOWER(TRI"&"M(U43)),""mallorca""), ""acc_140"", REGEXMATCH(LOWER(TRIM(U43)),""menorca""), ""acc_150"", TRUE, """" ) "),"acc_148") -> acc_148 | K43: Placement | L43: =IFERROR(__xludf.DUMMYFUNCTION("LET( s, UPPER(TRIM(T43)), IF(REGEXMATCH(s,""CLOSED.*WON""), ""ACTIVA"", IF(REGEXMATCH(s,""CLOSED.*LOST""), ""FALLIDA"", IF(REGEXMATCH(s,""CONTACT.*NEXT.*SEASON""), ""POTENCIAL"", IF(REGEXMATCH(s,""\bLEAD\b""), ""LEAD"", IF(REGEXMATCH(s,""INTER"&"EST|POTENTIAL""), ""SEGUIMIENTO"", ""SEGUIMIENTO""))))) ) "),"SEGUIMIENTO") -> SEGUIMIENTO | N43: =V43 -> Nico | O43: =W43 | S43: FALSE | T43: CONTACTED | U43: Madrid | V43: Nico
A44: acc_043 | B44: Grupo Triciclo | C44: =IFERROR(__xludf.DUMMYFUNCTION("IFS( REGEXMATCH(LOWER(TRIM(N44)),""nico""), ""us_001"", REGEXMATCH(LOWER(TRIM(N44)),""alfonso""), ""us_002"", REGEXMATCH(LOWER(TRIM(N44)),""patxi""), ""us_003"", REGEXMATCH(LOWER(TRIM(N44)),""martin""), ""us_004"", TRUE, ""us_999"" )"),"us_001") -> us_001 | D44: =IFERROR(__xludf.DUMMYFUNCTION("""COMPUTED_VALUE"""),"us_001") -> us_001 | E44: Horeca | F44: =IFERROR(__xludf.DUMMYFUNCTION("LET( s, UPPER(TRIM(N44)), IF(REGEXMATCH(s,""CLOSED.*WON""), ""ACTIVA"", IF(REGEXMATCH(s,""CLOSED.*LOST""), ""FALLIDA"", IF(REGEXMATCH(s,""CONTACT.*NEXT.*SEASON""), ""POTENCIAL"", IF(REGEXMATCH(s,""\bLEAD\b""), ""LEAD"", IF(REGEXMATCH(s,""INTER"&"EST|POTENTIAL""), ""SEGUIMIENTO"", ""SEGUIMIENTO""))))) ) "),"SEGUIMIENTO") -> SEGUIMIENTO | G44: Placement | H44: =IFERROR(__xludf.DUMMYFUNCTION("IFS( REGEXMATCH(LOWER(TRIM(U44)),""barcelona""), ""acc_139"", REGEXMATCH(LOWER(TRIM(U44)),""madrid""), ""acc_148"", REGEXMATCH(LOWER(TRIM(U44)),""zaragoza""), ""acc_149"", REGEXMATCH(LOWER(TRIM(U44)),""ibiza""), ""acc_140"", REGEXMATCH(LOWER(TRI"&"M(U44)),""mallorca""), ""acc_140"", REGEXMATCH(LOWER(TRIM(U44)),""menorca""), ""acc_150"", TRUE, """" ) "),"acc_148") -> acc_148 | K44: Placement | L44: =IFERROR(__xludf.DUMMYFUNCTION("LET( s, UPPER(TRIM(T44)), IF(REGEXMATCH(s,""CLOSED.*WON""), ""ACTIVA"", IF(REGEXMATCH(s,""CLOSED.*LOST""), ""FALLIDA"", IF(REGEXMATCH(s,""CONTACT.*NEXT.*SEASON""), ""POTENCIAL"", IF(REGEXMATCH(s,""\bLEAD\b""), ""LEAD"", IF(REGEXMATCH(s,""INTER"&"EST|POTENTIAL""), ""SEGUIMIENTO"", ""SEGUIMIENTO""))))) ) "),"SEGUIMIENTO") -> SEGUIMIENTO | N44: =V44 -> Nico | O44: =W44 | S44: FALSE | T44: CONTACTED | U44: Madrid | V44: Nico
A45: acc_044 | B45: Grupo Mentidero | C45: =IFERROR(__xludf.DUMMYFUNCTION("IFS( REGEXMATCH(LOWER(TRIM(N45)),""nico""), ""us_001"", REGEXMATCH(LOWER(TRIM(N45)),""alfonso""), ""us_002"", REGEXMATCH(LOWER(TRIM(N45)),""patxi""), ""us_003"", REGEXMATCH(LOWER(TRIM(N45)),""martin""), ""us_004"", TRUE, ""us_999"" )"),"us_001") -> us_001 | D45: =IFERROR(__xludf.DUMMYFUNCTION("""COMPUTED_VALUE"""),"us_001") -> us_001 | E45: Horeca | F45: =IFERROR(__xludf.DUMMYFUNCTION("LET( s, UPPER(TRIM(N45)), IF(REGEXMATCH(s,""CLOSED.*WON""), ""ACTIVA"", IF(REGEXMATCH(s,""CLOSED.*LOST""), ""FALLIDA"", IF(REGEXMATCH(s,""CONTACT.*NEXT.*SEASON""), ""POTENCIAL"", IF(REGEXMATCH(s,""\bLEAD\b""), ""LEAD"", IF(REGEXMATCH(s,""INTER"&"EST|POTENTIAL""), ""SEGUIMIENTO"", ""SEGUIMIENTO""))))) ) "),"SEGUIMIENTO") -> SEGUIMIENTO | G45: Placement | H45: =IFERROR(__xludf.DUMMYFUNCTION("IFS( REGEXMATCH(LOWER(TRIM(U45)),""barcelona""), ""acc_139"", REGEXMATCH(LOWER(TRIM(U45)),""madrid""), ""acc_148"", REGEXMATCH(LOWER(TRIM(U45)),""zaragoza""), ""acc_149"", REGEXMATCH(LOWER(TRIM(U45)),""ibiza""), ""acc_140"", REGEXMATCH(LOWER(TRI"&"M(U45)),""mallorca""), ""acc_140"", REGEXMATCH(LOWER(TRIM(U45)),""menorca""), ""acc_150"", TRUE, """" ) "),"acc_148") -> acc_148 | K45: Placement | L45: =IFERROR(__xludf.DUMMYFUNCTION("LET( s, UPPER(TRIM(T45)), IF(REGEXMATCH(s,""CLOSED.*WON""), ""ACTIVA"", IF(REGEXMATCH(s,""CLOSED.*LOST""), ""FALLIDA"", IF(REGEXMATCH(s,""CONTACT.*NEXT.*SEASON""), ""POTENCIAL"", IF(REGEXMATCH(s,""\bLEAD\b""), ""LEAD"", IF(REGEXMATCH(s,""INTER"&"EST|POTENTIAL""), ""SEGUIMIENTO"", ""SEGUIMIENTO""))))) ) "),"SEGUIMIENTO") -> SEGUIMIENTO | N45: =V45 -> Nico | O45: =W45 | S45: FALSE | T45: CONTACTED | U45: Madrid | V45: Nico
A46: acc_045 | B46: Palacio de Alcala | C46: =IFERROR(__xludf.DUMMYFUNCTION("IFS( REGEXMATCH(LOWER(TRIM(N46)),""nico""), ""us_001"", REGEXMATCH(LOWER(TRIM(N46)),""alfonso""), ""us_002"", REGEXMATCH(LOWER(TRIM(N46)),""patxi""), ""us_003"", REGEXMATCH(LOWER(TRIM(N46)),""martin""), ""us_004"", TRUE, ""us_999"" )"),"us_001") -> us_001 | D46: =IFERROR(__xludf.DUMMYFUNCTION("""COMPUTED_VALUE"""),"us_001") -> us_001 | E46: Horeca | F46: =IFERROR(__xludf.DUMMYFUNCTION("LET( s, UPPER(TRIM(N46)), IF(REGEXMATCH(s,""CLOSED.*WON""), ""ACTIVA"", IF(REGEXMATCH(s,""CLOSED.*LOST""), ""FALLIDA"", IF(REGEXMATCH(s,""CONTACT.*NEXT.*SEASON""), ""POTENCIAL"", IF(REGEXMATCH(s,""\bLEAD\b""), ""LEAD"", IF(REGEXMATCH(s,""INTER"&"EST|POTENTIAL""), ""SEGUIMIENTO"", ""SEGUIMIENTO""))))) ) "),"SEGUIMIENTO") -> SEGUIMIENTO | G46: Placement | H46: =IFERROR(__xludf.DUMMYFUNCTION("IFS( REGEXMATCH(LOWER(TRIM(U46)),""barcelona""), ""acc_139"", REGEXMATCH(LOWER(TRIM(U46)),""madrid""), ""acc_148"", REGEXMATCH(LOWER(TRIM(U46)),""zaragoza""), ""acc_149"", REGEXMATCH(LOWER(TRIM(U46)),""ibiza""), ""acc_140"", REGEXMATCH(LOWER(TRI"&"M(U46)),""mallorca""), ""acc_140"", REGEXMATCH(LOWER(TRIM(U46)),""menorca""), ""acc_150"", TRUE, """" ) "),"acc_148") -> acc_148 | K46: Placement | L46: =IFERROR(__xludf.DUMMYFUNCTION("LET( s, UPPER(TRIM(T46)), IF(REGEXMATCH(s,""CLOSED.*WON""), ""ACTIVA"", IF(REGEXMATCH(s,""CLOSED.*LOST""), ""FALLIDA"", IF(REGEXMATCH(s,""CONTACT.*NEXT.*SEASON""), ""POTENCIAL"", IF(REGEXMATCH(s,""\bLEAD\b""), ""LEAD"", IF(REGEXMATCH(s,""INTER"&"EST|POTENTIAL""), ""SEGUIMIENTO"", ""SEGUIMIENTO""))))) ) "),"SEGUIMIENTO") -> SEGUIMIENTO | N46: =V46 -> Nico | O46: =W46 | S46: FALSE | T46: CONTACTED | U46: Madrid | V46: Nico
A47: acc_046 | B47: Golda | C47: =IFERROR(__xludf.DUMMYFUNCTION("IFS( REGEXMATCH(LOWER(TRIM(N47)),""nico""), ""us_001"", REGEXMATCH(LOWER(TRIM(N47)),""alfonso""), ""us_002"", REGEXMATCH(LOWER(TRIM(N47)),""patxi""), ""us_003"", REGEXMATCH(LOWER(TRIM(N47)),""martin""), ""us_004"", TRUE, ""us_999"" )"),"us_001") -> us_001 | D47: =IFERROR(__xludf.DUMMYFUNCTION("""COMPUTED_VALUE"""),"us_001") -> us_001 | E47: Horeca | F47: =IFERROR(__xludf.DUMMYFUNCTION("LET( s, UPPER(TRIM(N47)), IF(REGEXMATCH(s,""CLOSED.*WON""), ""ACTIVA"", IF(REGEXMATCH(s,""CLOSED.*LOST""), ""FALLIDA"", IF(REGEXMATCH(s,""CONTACT.*NEXT.*SEASON""), ""POTENCIAL"", IF(REGEXMATCH(s,""\bLEAD\b""), ""LEAD"", IF(REGEXMATCH(s,""INTER"&"EST|POTENTIAL""), ""SEGUIMIENTO"", ""SEGUIMIENTO""))))) ) "),"SEGUIMIENTO") -> SEGUIMIENTO | G47: Placement | H47: =IFERROR(__xludf.DUMMYFUNCTION("IFS( REGEXMATCH(LOWER(TRIM(U47)),""barcelona""), ""acc_139"", REGEXMATCH(LOWER(TRIM(U47)),""madrid""), ""acc_148"", REGEXMATCH(LOWER(TRIM(U47)),""zaragoza""), ""acc_149"", REGEXMATCH(LOWER(TRIM(U47)),""ibiza""), ""acc_140"", REGEXMATCH(LOWER(TRI"&"M(U47)),""mallorca""), ""acc_140"", REGEXMATCH(LOWER(TRIM(U47)),""menorca""), ""acc_150"", TRUE, """" ) "),"acc_148") -> acc_148 | K47: Placement | L47: =IFERROR(__xludf.DUMMYFUNCTION("LET( s, UPPER(TRIM(T47)), IF(REGEXMATCH(s,""CLOSED.*WON""), ""ACTIVA"", IF(REGEXMATCH(s,""CLOSED.*LOST""), ""FALLIDA"", IF(REGEXMATCH(s,""CONTACT.*NEXT.*SEASON""), ""POTENCIAL"", IF(REGEXMATCH(s,""\bLEAD\b""), ""LEAD"", IF(REGEXMATCH(s,""INTER"&"EST|POTENTIAL""), ""SEGUIMIENTO"", ""SEGUIMIENTO""))))) ) "),"SEGUIMIENTO") -> SEGUIMIENTO | N47: =V47 -> Nico | O47: =W47 | S47: FALSE | T47: CONTACTED | U47: Madrid | V47: Nico
A48: acc_047 | B48: Casa Ortega | C48: =IFERROR(__xludf.DUMMYFUNCTION("IFS( REGEXMATCH(LOWER(TRIM(N48)),""nico""), ""us_001"", REGEXMATCH(LOWER(TRIM(N48)),""alfonso""), ""us_002"", REGEXMATCH(LOWER(TRIM(N48)),""patxi""), ""us_003"", REGEXMATCH(LOWER(TRIM(N48)),""martin""), ""us_004"", TRUE, ""us_999"" )"),"us_001") -> us_001 | D48: =IFERROR(__xludf.DUMMYFUNCTION("""COMPUTED_VALUE"""),"us_001") -> us_001 | E48: Horeca | F48: =IFERROR(__xludf.DUMMYFUNCTION("LET( s, UPPER(TRIM(N48)), IF(REGEXMATCH(s,""CLOSED.*WON""), ""ACTIVA"", IF(REGEXMATCH(s,""CLOSED.*LOST""), ""FALLIDA"", IF(REGEXMATCH(s,""CONTACT.*NEXT.*SEASON""), ""POTENCIAL"", IF(REGEXMATCH(s,""\bLEAD\b""), ""LEAD"", IF(REGEXMATCH(s,""INTER"&"EST|POTENTIAL""), ""SEGUIMIENTO"", ""SEGUIMIENTO""))))) ) "),"SEGUIMIENTO") -> SEGUIMIENTO | G48: Placement | H48: =IFERROR(__xludf.DUMMYFUNCTION("IFS( REGEXMATCH(LOWER(TRIM(U48)),""barcelona""), ""acc_139"", REGEXMATCH(LOWER(TRIM(U48)),""madrid""), ""acc_148"", REGEXMATCH(LOWER(TRIM(U48)),""zaragoza""), ""acc_149"", REGEXMATCH(LOWER(TRIM(U48)),""ibiza""), ""acc_140"", REGEXMATCH(LOWER(TRI"&"M(U48)),""mallorca""), ""acc_140"", REGEXMATCH(LOWER(TRIM(U48)),""menorca""), ""acc_150"", TRUE, """" ) "),"acc_148") -> acc_148 | I48: Gonzalo Ortega | K48: Placement | L48: =IFERROR(__xludf.DUMMYFUNCTION("LET( s, UPPER(TRIM(T48)), IF(REGEXMATCH(s,""CLOSED.*WON""), ""ACTIVA"", IF(REGEXMATCH(s,""CLOSED.*LOST""), ""FALLIDA"", IF(REGEXMATCH(s,""CONTACT.*NEXT.*SEASON""), ""POTENCIAL"", IF(REGEXMATCH(s,""\bLEAD\b""), ""LEAD"", IF(REGEXMATCH(s,""INTER"&"EST|POTENTIAL""), ""SEGUIMIENTO"", ""SEGUIMIENTO""))))) ) "),"SEGUIMIENTO") -> SEGUIMIENTO | N48: =V48 -> Nico | O48: =W48 | S48: FALSE | T48: CONTACTED | U48: Madrid | V48: Nico
A49: acc_048 | B49: Mantequerias Bravo | C49: =IFERROR(__xludf.DUMMYFUNCTION("IFS( REGEXMATCH(LOWER(TRIM(N49)),""nico""), ""us_001"", REGEXMATCH(LOWER(TRIM(N49)),""alfonso""), ""us_002"", REGEXMATCH(LOWER(TRIM(N49)),""patxi""), ""us_003"", REGEXMATCH(LOWER(TRIM(N49)),""martin""), ""us_004"", TRUE, ""us_999"" )"),"us_001") -> us_001 | D49: =IFERROR(__xludf.DUMMYFUNCTION("""COMPUTED_VALUE"""),"us_001") -> us_001 | E49: Horeca | F49: =IFERROR(__xludf.DUMMYFUNCTION("LET( s, UPPER(TRIM(N49)), IF(REGEXMATCH(s,""CLOSED.*WON""), ""ACTIVA"", IF(REGEXMATCH(s,""CLOSED.*LOST""), ""FALLIDA"", IF(REGEXMATCH(s,""CONTACT.*NEXT.*SEASON""), ""POTENCIAL"", IF(REGEXMATCH(s,""\bLEAD\b""), ""LEAD"", IF(REGEXMATCH(s,""INTER"&"EST|POTENTIAL""), ""SEGUIMIENTO"", ""SEGUIMIENTO""))))) ) "),"SEGUIMIENTO") -> SEGUIMIENTO | G49: Placement | H49: =IFERROR(__xludf.DUMMYFUNCTION("IFS( REGEXMATCH(LOWER(TRIM(U49)),""barcelona""), ""acc_139"", REGEXMATCH(LOWER(TRIM(U49)),""madrid""), ""acc_148"", REGEXMATCH(LOWER(TRIM(U49)),""zaragoza""), ""acc_149"", REGEXMATCH(LOWER(TRIM(U49)),""ibiza""), ""acc_140"", REGEXMATCH(LOWER(TRI"&"M(U49)),""mallorca""), ""acc_140"", REGEXMATCH(LOWER(TRIM(U49)),""menorca""), ""acc_150"", TRUE, """" ) "),"acc_148") -> acc_148 | K49: Placement | L49: =IFERROR(__xludf.DUMMYFUNCTION("LET( s, UPPER(TRIM(T49)), IF(REGEXMATCH(s,""CLOSED.*WON""), ""ACTIVA"", IF(REGEXMATCH(s,""CLOSED.*LOST""), ""FALLIDA"", IF(REGEXMATCH(s,""CONTACT.*NEXT.*SEASON""), ""POTENCIAL"", IF(REGEXMATCH(s,""\bLEAD\b""), ""LEAD"", IF(REGEXMATCH(s,""INTER"&"EST|POTENTIAL""), ""SEGUIMIENTO"", ""SEGUIMIENTO""))))) ) "),"SEGUIMIENTO") -> SEGUIMIENTO | N49: =V49 -> Nico | O49: =W49 | S49: FALSE | T49: CONTACTED | U49: Madrid | V49: Nico
A50: acc_049 | B50: Taberna Pedraza | C50: =IFERROR(__xludf.DUMMYFUNCTION("IFS( REGEXMATCH(LOWER(TRIM(N50)),""nico""), ""us_001"", REGEXMATCH(LOWER(TRIM(N50)),""alfonso""), ""us_002"", REGEXMATCH(LOWER(TRIM(N50)),""patxi""), ""us_003"", REGEXMATCH(LOWER(TRIM(N50)),""martin""), ""us_004"", TRUE, ""us_999"" )"),"us_002") -> us_002 | D50: =IFERROR(__xludf.DUMMYFUNCTION("""COMPUTED_VALUE"""),"us_002") -> us_002 | E50: Horeca | F50: =IFERROR(__xludf.DUMMYFUNCTION("LET( s, UPPER(TRIM(N50)), IF(REGEXMATCH(s,""CLOSED.*WON""), ""ACTIVA"", IF(REGEXMATCH(s,""CLOSED.*LOST""), ""FALLIDA"", IF(REGEXMATCH(s,""CONTACT.*NEXT.*SEASON""), ""POTENCIAL"", IF(REGEXMATCH(s,""\bLEAD\b""), ""LEAD"", IF(REGEXMATCH(s,""INTER"&"EST|POTENTIAL""), ""SEGUIMIENTO"", ""SEGUIMIENTO""))))) ) "),"SEGUIMIENTO") -> SEGUIMIENTO | G50: Placement | H50: =IFERROR(__xludf.DUMMYFUNCTION("IFS( REGEXMATCH(LOWER(TRIM(U50)),""barcelona""), ""acc_139"", REGEXMATCH(LOWER(TRIM(U50)),""madrid""), ""acc_148"", REGEXMATCH(LOWER(TRIM(U50)),""zaragoza""), ""acc_149"", REGEXMATCH(LOWER(TRIM(U50)),""ibiza""), ""acc_140"", REGEXMATCH(LOWER(TRI"&"M(U50)),""mallorca""), ""acc_140"", REGEXMATCH(LOWER(TRIM(U50)),""menorca""), ""acc_150"", TRUE, """" ) "),"acc_148") -> acc_148 | I50: Santigo Pedraza | K50: Placement | L50: =IFERROR(__xludf.DUMMYFUNCTION("LET( s, UPPER(TRIM(T50)), IF(REGEXMATCH(s,""CLOSED.*WON""), ""ACTIVA"", IF(REGEXMATCH(s,""CLOSED.*LOST""), ""FALLIDA"", IF(REGEXMATCH(s,""CONTACT.*NEXT.*SEASON""), ""POTENCIAL"", IF(REGEXMATCH(s,""\bLEAD\b""), ""LEAD"", IF(REGEXMATCH(s,""INTER"&"EST|POTENTIAL""), ""SEGUIMIENTO"", ""SEGUIMIENTO""))))) ) "),"ACTIVA") -> ACTIVA | N50: =V50 -> Alfonso | O50: =W50 -> 1 caja | S50: FALSE | T50: CLOSED / WON | U50: Madrid | V50: Alfonso | W50: 1 caja
A51: acc_050 | B51: La maquina Jorge Juan | C51: =IFERROR(__xludf.DUMMYFUNCTION("IFS( REGEXMATCH(LOWER(TRIM(N51)),""nico""), ""us_001"", REGEXMATCH(LOWER(TRIM(N51)),""alfonso""), ""us_002"", REGEXMATCH(LOWER(TRIM(N51)),""patxi""), ""us_003"", REGEXMATCH(LOWER(TRIM(N51)),""martin""), ""us_004"", TRUE, ""us_999"" )"),"us_001") -> us_001 | D51: =IFERROR(__xludf.DUMMYFUNCTION("""COMPUTED_VALUE"""),"us_001") -> us_001 | E51: Horeca | F51: =IFERROR(__xludf.DUMMYFUNCTION("LET( s, UPPER(TRIM(N51)), IF(REGEXMATCH(s,""CLOSED.*WON""), ""ACTIVA"", IF(REGEXMATCH(s,""CLOSED.*LOST""), ""FALLIDA"", IF(REGEXMATCH(s,""CONTACT.*NEXT.*SEASON""), ""POTENCIAL"", IF(REGEXMATCH(s,""\bLEAD\b""), ""LEAD"", IF(REGEXMATCH(s,""INTER"&"EST|POTENTIAL""), ""SEGUIMIENTO"", ""SEGUIMIENTO""))))) ) "),"SEGUIMIENTO") -> SEGUIMIENTO | G51: Placement | H51: =IFERROR(__xludf.DUMMYFUNCTION("IFS( REGEXMATCH(LOWER(TRIM(U51)),""barcelona""), ""acc_139"", REGEXMATCH(LOWER(TRIM(U51)),""madrid""), ""acc_148"", REGEXMATCH(LOWER(TRIM(U51)),""zaragoza""), ""acc_149"", REGEXMATCH(LOWER(TRIM(U51)),""ibiza""), ""acc_140"", REGEXMATCH(LOWER(TRI"&"M(U51)),""mallorca""), ""acc_140"", REGEXMATCH(LOWER(TRIM(U51)),""menorca""), ""acc_150"", TRUE, """" ) "),"acc_148") -> acc_148 | K51: Placement | L51: =IFERROR(__xludf.DUMMYFUNCTION("LET( s, UPPER(TRIM(T51)), IF(REGEXMATCH(s,""CLOSED.*WON""), ""ACTIVA"", IF(REGEXMATCH(s,""CLOSED.*LOST""), ""FALLIDA"", IF(REGEXMATCH(s,""CONTACT.*NEXT.*SEASON""), ""POTENCIAL"", IF(REGEXMATCH(s,""\bLEAD\b""), ""LEAD"", IF(REGEXMATCH(s,""INTER"&"EST|POTENTIAL""), ""SEGUIMIENTO"", ""SEGUIMIENTO""))))) ) "),"SEGUIMIENTO") -> SEGUIMIENTO | N51: =V51 -> Nico | O51: =W51 | S51: FALSE | T51: CONTACTED | U51: Madrid | V51: Nico
A52: acc_051 | B52: Costa Este | C52: =IFERROR(__xludf.DUMMYFUNCTION("IFS( REGEXMATCH(LOWER(TRIM(N52)),""nico""), ""us_001"", REGEXMATCH(LOWER(TRIM(N52)),""alfonso""), ""us_002"", REGEXMATCH(LOWER(TRIM(N52)),""patxi""), ""us_003"", REGEXMATCH(LOWER(TRIM(N52)),""martin""), ""us_004"", TRUE, ""us_999"" )"),"us_003") -> us_003 | D52: =IFERROR(__xludf.DUMMYFUNCTION("""COMPUTED_VALUE"""),"us_003") -> us_003 | E52: Horeca | F52: =IFERROR(__xludf.DUMMYFUNCTION("LET( s, UPPER(TRIM(N52)), IF(REGEXMATCH(s,""CLOSED.*WON""), ""ACTIVA"", IF(REGEXMATCH(s,""CLOSED.*LOST""), ""FALLIDA"", IF(REGEXMATCH(s,""CONTACT.*NEXT.*SEASON""), ""POTENCIAL"", IF(REGEXMATCH(s,""\bLEAD\b""), ""LEAD"", IF(REGEXMATCH(s,""INTER"&"EST|POTENTIAL""), ""SEGUIMIENTO"", ""SEGUIMIENTO""))))) ) "),"SEGUIMIENTO") -> SEGUIMIENTO | G52: Placement | H52: =IFERROR(__xludf.DUMMYFUNCTION("IFS( REGEXMATCH(LOWER(TRIM(U52)),""barcelona""), ""acc_139"", REGEXMATCH(LOWER(TRIM(U52)),""madrid""), ""acc_148"", REGEXMATCH(LOWER(TRIM(U52)),""zaragoza""), ""acc_149"", REGEXMATCH(LOWER(TRIM(U52)),""ibiza""), ""acc_140"", REGEXMATCH(LOWER(TRI"&"M(U52)),""mallorca""), ""acc_140"", REGEXMATCH(LOWER(TRIM(U52)),""menorca""), ""acc_150"", TRUE, """" ) "),"acc_139") -> acc_139 | I52: Roberto compras | K52: Placement | L52: =IFERROR(__xludf.DUMMYFUNCTION("LET( s, UPPER(TRIM(T52)), IF(REGEXMATCH(s,""CLOSED.*WON""), ""ACTIVA"", IF(REGEXMATCH(s,""CLOSED.*LOST""), ""FALLIDA"", IF(REGEXMATCH(s,""CONTACT.*NEXT.*SEASON""), ""POTENCIAL"", IF(REGEXMATCH(s,""\bLEAD\b""), ""LEAD"", IF(REGEXMATCH(s,""INTER"&"EST|POTENTIAL""), ""SEGUIMIENTO"", ""SEGUIMIENTO""))))) ) "),"SEGUIMIENTO") -> SEGUIMIENTO | N52: =V52 -> Patxi | O52: =W52 | T52: CONTACTED | U52: Barcelona | V52: Patxi
A53: acc_052 | B53: Hotel Welington | C53: =IFERROR(__xludf.DUMMYFUNCTION("IFS( REGEXMATCH(LOWER(TRIM(N53)),""nico""), ""us_001"", REGEXMATCH(LOWER(TRIM(N53)),""alfonso""), ""us_002"", REGEXMATCH(LOWER(TRIM(N53)),""patxi""), ""us_003"", REGEXMATCH(LOWER(TRIM(N53)),""martin""), ""us_004"", TRUE, ""us_999"" )"),"us_002") -> us_002 | D53: =IFERROR(__xludf.DUMMYFUNCTION("""COMPUTED_VALUE"""),"us_002") -> us_002 | E53: Horeca | F53: =IFERROR(__xludf.DUMMYFUNCTION("LET( s, UPPER(TRIM(N53)), IF(REGEXMATCH(s,""CLOSED.*WON""), ""ACTIVA"", IF(REGEXMATCH(s,""CLOSED.*LOST""), ""FALLIDA"", IF(REGEXMATCH(s,""CONTACT.*NEXT.*SEASON""), ""POTENCIAL"", IF(REGEXMATCH(s,""\bLEAD\b""), ""LEAD"", IF(REGEXMATCH(s,""INTER"&"EST|POTENTIAL""), ""SEGUIMIENTO"", ""SEGUIMIENTO""))))) ) "),"SEGUIMIENTO") -> SEGUIMIENTO | G53: Placement | H53: =IFERROR(__xludf.DUMMYFUNCTION("IFS( REGEXMATCH(LOWER(TRIM(U53)),""barcelona""), ""acc_139"", REGEXMATCH(LOWER(TRIM(U53)),""madrid""), ""acc_148"", REGEXMATCH(LOWER(TRIM(U53)),""zaragoza""), ""acc_149"", REGEXMATCH(LOWER(TRIM(U53)),""ibiza""), ""acc_140"", REGEXMATCH(LOWER(TRI"&"M(U53)),""mallorca""), ""acc_140"", REGEXMATCH(LOWER(TRIM(U53)),""menorca""), ""acc_150"", TRUE, """" ) "),"acc_148") -> acc_148 | K53: Placement | L53: =IFERROR(__xludf.DUMMYFUNCTION("LET( s, UPPER(TRIM(T53)), IF(REGEXMATCH(s,""CLOSED.*WON""), ""ACTIVA"", IF(REGEXMATCH(s,""CLOSED.*LOST""), ""FALLIDA"", IF(REGEXMATCH(s,""CONTACT.*NEXT.*SEASON""), ""POTENCIAL"", IF(REGEXMATCH(s,""\bLEAD\b""), ""LEAD"", IF(REGEXMATCH(s,""INTER"&"EST|POTENTIAL""), ""SEGUIMIENTO"", ""SEGUIMIENTO""))))) ) "),"SEGUIMIENTO") -> SEGUIMIENTO | N53: =V53 -> Alfonso | O53: =W53 | S53: FALSE | T53: INTERESTED | U53: Madrid | V53: Alfonso
A54: acc_053 | B54: Trocadero | C54: =IFERROR(__xludf.DUMMYFUNCTION("IFS( REGEXMATCH(LOWER(TRIM(N54)),""nico""), ""us_001"", REGEXMATCH(LOWER(TRIM(N54)),""alfonso""), ""us_002"", REGEXMATCH(LOWER(TRIM(N54)),""patxi""), ""us_003"", REGEXMATCH(LOWER(TRIM(N54)),""martin""), ""us_004"", TRUE, ""us_999"" )"),"us_002") -> us_002 | D54: =IFERROR(__xludf.DUMMYFUNCTION("""COMPUTED_VALUE"""),"us_002") -> us_002 | E54: Horeca | F54: =IFERROR(__xludf.DUMMYFUNCTION("LET( s, UPPER(TRIM(N54)), IF(REGEXMATCH(s,""CLOSED.*WON""), ""ACTIVA"", IF(REGEXMATCH(s,""CLOSED.*LOST""), ""FALLIDA"", IF(REGEXMATCH(s,""CONTACT.*NEXT.*SEASON""), ""POTENCIAL"", IF(REGEXMATCH(s,""\bLEAD\b""), ""LEAD"", IF(REGEXMATCH(s,""INTER"&"EST|POTENTIAL""), ""SEGUIMIENTO"", ""SEGUIMIENTO""))))) ) "),"SEGUIMIENTO") -> SEGUIMIENTO | G54: Placement | H54: =IFERROR(__xludf.DUMMYFUNCTION("IFS( REGEXMATCH(LOWER(TRIM(U54)),""barcelona""), ""acc_139"", REGEXMATCH(LOWER(TRIM(U54)),""madrid""), ""acc_148"", REGEXMATCH(LOWER(TRIM(U54)),""zaragoza""), ""acc_149"", REGEXMATCH(LOWER(TRIM(U54)),""ibiza""), ""acc_140"", REGEXMATCH(LOWER(TRI"&"M(U54)),""mallorca""), ""acc_140"", REGEXMATCH(LOWER(TRIM(U54)),""menorca""), ""acc_150"", TRUE, """" ) "),"acc_148") -> acc_148 | K54: Placement | L54: =IFERROR(__xludf.DUMMYFUNCTION("LET( s, UPPER(TRIM(T54)), IF(REGEXMATCH(s,""CLOSED.*WON""), ""ACTIVA"", IF(REGEXMATCH(s,""CLOSED.*LOST""), ""FALLIDA"", IF(REGEXMATCH(s,""CONTACT.*NEXT.*SEASON""), ""POTENCIAL"", IF(REGEXMATCH(s,""\bLEAD\b""), ""LEAD"", IF(REGEXMATCH(s,""INTER"&"EST|POTENTIAL""), ""SEGUIMIENTO"", ""SEGUIMIENTO""))))) ) "),"SEGUIMIENTO") -> SEGUIMIENTO | N54: =V54 -> Alfonso | O54: =W54 | T54: INTERESTED | U54: Madrid, Anadalucía | V54: Alfonso
A55: acc_054 | B55: Fondeo | C55: =IFERROR(__xludf.DUMMYFUNCTION("IFS( REGEXMATCH(LOWER(TRIM(N55)),""nico""), ""us_001"", REGEXMATCH(LOWER(TRIM(N55)),""alfonso""), ""us_002"", REGEXMATCH(LOWER(TRIM(N55)),""patxi""), ""us_003"", REGEXMATCH(LOWER(TRIM(N55)),""martin""), ""us_004"", TRUE, ""us_999"" )"),"us_002") -> us_002 | D55: =IFERROR(__xludf.DUMMYFUNCTION("""COMPUTED_VALUE"""),"us_002") -> us_002 | E55: Horeca | F55: =IFERROR(__xludf.DUMMYFUNCTION("LET( s, UPPER(TRIM(N55)), IF(REGEXMATCH(s,""CLOSED.*WON""), ""ACTIVA"", IF(REGEXMATCH(s,""CLOSED.*LOST""), ""FALLIDA"", IF(REGEXMATCH(s,""CONTACT.*NEXT.*SEASON""), ""POTENCIAL"", IF(REGEXMATCH(s,""\bLEAD\b""), ""LEAD"", IF(REGEXMATCH(s,""INTER"&"EST|POTENTIAL""), ""SEGUIMIENTO"", ""SEGUIMIENTO""))))) ) "),"SEGUIMIENTO") -> SEGUIMIENTO | G55: Placement | H55: =IFERROR(__xludf.DUMMYFUNCTION("IFS( REGEXMATCH(LOWER(TRIM(U55)),""barcelona""), ""acc_139"", REGEXMATCH(LOWER(TRIM(U55)),""madrid""), ""acc_148"", REGEXMATCH(LOWER(TRIM(U55)),""zaragoza""), ""acc_149"", REGEXMATCH(LOWER(TRIM(U55)),""ibiza""), ""acc_140"", REGEXMATCH(LOWER(TRI"&"M(U55)),""mallorca""), ""acc_140"", REGEXMATCH(LOWER(TRIM(U55)),""menorca""), ""acc_150"", TRUE, """" ) "),"acc_148") -> acc_148 | K55: Placement | L55: =IFERROR(__xludf.DUMMYFUNCTION("LET( s, UPPER(TRIM(T55)), IF(REGEXMATCH(s,""CLOSED.*WON""), ""ACTIVA"", IF(REGEXMATCH(s,""CLOSED.*LOST""), ""FALLIDA"", IF(REGEXMATCH(s,""CONTACT.*NEXT.*SEASON""), ""POTENCIAL"", IF(REGEXMATCH(s,""\bLEAD\b""), ""LEAD"", IF(REGEXMATCH(s,""INTER"&"EST|POTENTIAL""), ""SEGUIMIENTO"", ""SEGUIMIENTO""))))) ) "),"SEGUIMIENTO") -> SEGUIMIENTO | N55: =V55 -> Alfonso | O55: =W55 | S55: FALSE | T55: INTERESTED | U55: Madrid | V55: Alfonso
A56: acc_055 | B56: El Enemigo | C56: =IFERROR(__xludf.DUMMYFUNCTION("IFS( REGEXMATCH(LOWER(TRIM(N56)),""nico""), ""us_001"", REGEXMATCH(LOWER(TRIM(N56)),""alfonso""), ""us_002"", REGEXMATCH(LOWER(TRIM(N56)),""patxi""), ""us_003"", REGEXMATCH(LOWER(TRIM(N56)),""martin""), ""us_004"", TRUE, ""us_999"" )"),"us_002") -> us_002 | D56: =IFERROR(__xludf.DUMMYFUNCTION("""COMPUTED_VALUE"""),"us_002") -> us_002 | E56: Horeca | F56: =IFERROR(__xludf.DUMMYFUNCTION("LET( s, UPPER(TRIM(N56)), IF(REGEXMATCH(s,""CLOSED.*WON""), ""ACTIVA"", IF(REGEXMATCH(s,""CLOSED.*LOST""), ""FALLIDA"", IF(REGEXMATCH(s,""CONTACT.*NEXT.*SEASON""), ""POTENCIAL"", IF(REGEXMATCH(s,""\bLEAD\b""), ""LEAD"", IF(REGEXMATCH(s,""INTER"&"EST|POTENTIAL""), ""SEGUIMIENTO"", ""SEGUIMIENTO""))))) ) "),"SEGUIMIENTO") -> SEGUIMIENTO | G56: Placement | H56: =IFERROR(__xludf.DUMMYFUNCTION("IFS( REGEXMATCH(LOWER(TRIM(U56)),""barcelona""), ""acc_139"", REGEXMATCH(LOWER(TRIM(U56)),""madrid""), ""acc_148"", REGEXMATCH(LOWER(TRIM(U56)),""zaragoza""), ""acc_149"", REGEXMATCH(LOWER(TRIM(U56)),""ibiza""), ""acc_140"", REGEXMATCH(LOWER(TRI"&"M(U56)),""mallorca""), ""acc_140"", REGEXMATCH(LOWER(TRIM(U56)),""menorca""), ""acc_150"", TRUE, """" ) "),"acc_148") -> acc_148 | K56: Placement | L56: =IFERROR(__xludf.DUMMYFUNCTION("LET( s, UPPER(TRIM(T56)), IF(REGEXMATCH(s,""CLOSED.*WON""), ""ACTIVA"", IF(REGEXMATCH(s,""CLOSED.*LOST""), ""FALLIDA"", IF(REGEXMATCH(s,""CONTACT.*NEXT.*SEASON""), ""POTENCIAL"", IF(REGEXMATCH(s,""\bLEAD\b""), ""LEAD"", IF(REGEXMATCH(s,""INTER"&"EST|POTENTIAL""), ""SEGUIMIENTO"", ""SEGUIMIENTO""))))) ) "),"SEGUIMIENTO") -> SEGUIMIENTO | N56: =V56 -> Alfonso | O56: =W56 | S56: FALSE | T56: INTERESTED | U56: Madrid | V56: Alfonso
A57: acc_056 | B57: Copa de Balón | C57: =IFERROR(__xludf.DUMMYFUNCTION("IFS( REGEXMATCH(LOWER(TRIM(N57)),""nico""), ""us_001"", REGEXMATCH(LOWER(TRIM(N57)),""alfonso""), ""us_002"", REGEXMATCH(LOWER(TRIM(N57)),""patxi""), ""us_003"", REGEXMATCH(LOWER(TRIM(N57)),""martin""), ""us_004"", TRUE, ""us_999"" )"),"us_002") -> us_002 | D57: =IFERROR(__xludf.DUMMYFUNCTION("""COMPUTED_VALUE"""),"us_002") -> us_002 | E57: Horeca | F57: =IFERROR(__xludf.DUMMYFUNCTION("LET( s, UPPER(TRIM(N57)), IF(REGEXMATCH(s,""CLOSED.*WON""), ""ACTIVA"", IF(REGEXMATCH(s,""CLOSED.*LOST""), ""FALLIDA"", IF(REGEXMATCH(s,""CONTACT.*NEXT.*SEASON""), ""POTENCIAL"", IF(REGEXMATCH(s,""\bLEAD\b""), ""LEAD"", IF(REGEXMATCH(s,""INTER"&"EST|POTENTIAL""), ""SEGUIMIENTO"", ""SEGUIMIENTO""))))) ) "),"SEGUIMIENTO") -> SEGUIMIENTO | G57: Placement | H57: =IFERROR(__xludf.DUMMYFUNCTION("IFS( REGEXMATCH(LOWER(TRIM(U57)),""barcelona""), ""acc_139"", REGEXMATCH(LOWER(TRIM(U57)),""madrid""), ""acc_148"", REGEXMATCH(LOWER(TRIM(U57)),""zaragoza""), ""acc_149"", REGEXMATCH(LOWER(TRIM(U57)),""ibiza""), ""acc_140"", REGEXMATCH(LOWER(TRI"&"M(U57)),""mallorca""), ""acc_140"", REGEXMATCH(LOWER(TRIM(U57)),""menorca""), ""acc_150"", TRUE, """" ) "),"acc_148") -> acc_148 | K57: Placement | L57: =IFERROR(__xludf.DUMMYFUNCTION("LET( s, UPPER(TRIM(T57)), IF(REGEXMATCH(s,""CLOSED.*WON""), ""ACTIVA"", IF(REGEXMATCH(s,""CLOSED.*LOST""), ""FALLIDA"", IF(REGEXMATCH(s,""CONTACT.*NEXT.*SEASON""), ""POTENCIAL"", IF(REGEXMATCH(s,""\bLEAD\b""), ""LEAD"", IF(REGEXMATCH(s,""INTER"&"EST|POTENTIAL""), ""SEGUIMIENTO"", ""SEGUIMIENTO""))))) ) "),"SEGUIMIENTO") -> SEGUIMIENTO | N57: =V57 -> Alfonso | O57: =W57 | S57: FALSE | T57: INTERESTED | U57: Madrid | V57: Alfonso
A58: acc_057 | B58: Rel Club de Golf Sotogrande | C58: =IFERROR(__xludf.DUMMYFUNCTION("IFS( REGEXMATCH(LOWER(TRIM(N58)),""nico""), ""us_001"", REGEXMATCH(LOWER(TRIM(N58)),""alfonso""), ""us_002"", REGEXMATCH(LOWER(TRIM(N58)),""patxi""), ""us_003"", REGEXMATCH(LOWER(TRIM(N58)),""martin""), ""us_004"", TRUE, ""us_999"" )"),"us_002") -> us_002 | D58: =IFERROR(__xludf.DUMMYFUNCTION("""COMPUTED_VALUE"""),"us_002") -> us_002 | E58: Horeca | F58: =IFERROR(__xludf.DUMMYFUNCTION("LET( s, UPPER(TRIM(N58)), IF(REGEXMATCH(s,""CLOSED.*WON""), ""ACTIVA"", IF(REGEXMATCH(s,""CLOSED.*LOST""), ""FALLIDA"", IF(REGEXMATCH(s,""CONTACT.*NEXT.*SEASON""), ""POTENCIAL"", IF(REGEXMATCH(s,""\bLEAD\b""), ""LEAD"", IF(REGEXMATCH(s,""INTER"&"EST|POTENTIAL""), ""SEGUIMIENTO"", ""SEGUIMIENTO""))))) ) "),"SEGUIMIENTO") -> SEGUIMIENTO | G58: Placement | H58: =IFERROR(__xludf.DUMMYFUNCTION("IFS( REGEXMATCH(LOWER(TRIM(U58)),""barcelona""), ""acc_139"", REGEXMATCH(LOWER(TRIM(U58)),""madrid""), ""acc_148"", REGEXMATCH(LOWER(TRIM(U58)),""zaragoza""), ""acc_149"", REGEXMATCH(LOWER(TRIM(U58)),""ibiza""), ""acc_140"", REGEXMATCH(LOWER(TRI"&"M(U58)),""mallorca""), ""acc_140"", REGEXMATCH(LOWER(TRIM(U58)),""menorca""), ""acc_150"", TRUE, """" ) "),"") | I58: Kostka | K58: Placement | L58: =IFERROR(__xludf.DUMMYFUNCTION("LET( s, UPPER(TRIM(T58)), IF(REGEXMATCH(s,""CLOSED.*WON""), ""ACTIVA"", IF(REGEXMATCH(s,""CLOSED.*LOST""), ""FALLIDA"", IF(REGEXMATCH(s,""CONTACT.*NEXT.*SEASON""), ""POTENCIAL"", IF(REGEXMATCH(s,""\bLEAD\b""), ""LEAD"", IF(REGEXMATCH(s,""INTER"&"EST|POTENTIAL""), ""SEGUIMIENTO"", ""SEGUIMIENTO""))))) ) "),"ACTIVA") -> ACTIVA | N58: =V58 -> Alfonso | O58: =W58 -> 4 cajas | S58: FALSE | T58: CLOSED / WON | U58: Anadalucía | V58: Alfonso | W58: 4 cajas
A59: acc_058 | B59: Wondermarket. Keila | C59: =IFERROR(__xludf.DUMMYFUNCTION("IFS( REGEXMATCH(LOWER(TRIM(N59)),""nico""), ""us_001"", REGEXMATCH(LOWER(TRIM(N59)),""alfonso""), ""us_002"", REGEXMATCH(LOWER(TRIM(N59)),""patxi""), ""us_003"", REGEXMATCH(LOWER(TRIM(N59)),""martin""), ""us_004"", TRUE, ""us_999"" )"),"us_002") -> us_002 | D59: =IFERROR(__xludf.DUMMYFUNCTION("""COMPUTED_VALUE"""),"us_002") -> us_002 | E59: Horeca | F59: =IFERROR(__xludf.DUMMYFUNCTION("LET( s, UPPER(TRIM(N59)), IF(REGEXMATCH(s,""CLOSED.*WON""), ""ACTIVA"", IF(REGEXMATCH(s,""CLOSED.*LOST""), ""FALLIDA"", IF(REGEXMATCH(s,""CONTACT.*NEXT.*SEASON""), ""POTENCIAL"", IF(REGEXMATCH(s,""\bLEAD\b""), ""LEAD"", IF(REGEXMATCH(s,""INTER"&"EST|POTENTIAL""), ""SEGUIMIENTO"", ""SEGUIMIENTO""))))) ) "),"SEGUIMIENTO") -> SEGUIMIENTO | G59: Placement | H59: =IFERROR(__xludf.DUMMYFUNCTION("IFS( REGEXMATCH(LOWER(TRIM(U59)),""barcelona""), ""acc_139"", REGEXMATCH(LOWER(TRIM(U59)),""madrid""), ""acc_148"", REGEXMATCH(LOWER(TRIM(U59)),""zaragoza""), ""acc_149"", REGEXMATCH(LOWER(TRIM(U59)),""ibiza""), ""acc_140"", REGEXMATCH(LOWER(TRI"&"M(U59)),""mallorca""), ""acc_140"", REGEXMATCH(LOWER(TRIM(U59)),""menorca""), ""acc_150"", TRUE, """" ) "),"acc_148") -> acc_148 | K59: Placement | L59: =IFERROR(__xludf.DUMMYFUNCTION("LET( s, UPPER(TRIM(T59)), IF(REGEXMATCH(s,""CLOSED.*WON""), ""ACTIVA"", IF(REGEXMATCH(s,""CLOSED.*LOST""), ""FALLIDA"", IF(REGEXMATCH(s,""CONTACT.*NEXT.*SEASON""), ""POTENCIAL"", IF(REGEXMATCH(s,""\bLEAD\b""), ""LEAD"", IF(REGEXMATCH(s,""INTER"&"EST|POTENTIAL""), ""SEGUIMIENTO"", ""SEGUIMIENTO""))))) ) "),"SEGUIMIENTO") -> SEGUIMIENTO | N59: =V59 -> Alfonso | O59: =W59 | S59: FALSE | T59: INTERESTED | U59: Madrid | V59: Alfonso
A60: acc_059 | B60: Catering Laurel | C60: =IFERROR(__xludf.DUMMYFUNCTION("IFS( REGEXMATCH(LOWER(TRIM(N60)),""nico""), ""us_001"", REGEXMATCH(LOWER(TRIM(N60)),""alfonso""), ""us_002"", REGEXMATCH(LOWER(TRIM(N60)),""patxi""), ""us_003"", REGEXMATCH(LOWER(TRIM(N60)),""martin""), ""us_004"", TRUE, ""us_999"" )"),"us_001") -> us_001 | D60: =IFERROR(__xludf.DUMMYFUNCTION("""COMPUTED_VALUE"""),"us_001") -> us_001 | E60: Horeca | F60: =IFERROR(__xludf.DUMMYFUNCTION("LET( s, UPPER(TRIM(N60)), IF(REGEXMATCH(s,""CLOSED.*WON""), ""ACTIVA"", IF(REGEXMATCH(s,""CLOSED.*LOST""), ""FALLIDA"", IF(REGEXMATCH(s,""CONTACT.*NEXT.*SEASON""), ""POTENCIAL"", IF(REGEXMATCH(s,""\bLEAD\b""), ""LEAD"", IF(REGEXMATCH(s,""INTER"&"EST|POTENTIAL""), ""SEGUIMIENTO"", ""SEGUIMIENTO""))))) ) "),"SEGUIMIENTO") -> SEGUIMIENTO | G60: Placement | H60: =IFERROR(__xludf.DUMMYFUNCTION("IFS( REGEXMATCH(LOWER(TRIM(U60)),""barcelona""), ""acc_139"", REGEXMATCH(LOWER(TRIM(U60)),""madrid""), ""acc_148"", REGEXMATCH(LOWER(TRIM(U60)),""zaragoza""), ""acc_149"", REGEXMATCH(LOWER(TRIM(U60)),""ibiza""), ""acc_140"", REGEXMATCH(LOWER(TRI"&"M(U60)),""mallorca""), ""acc_140"", REGEXMATCH(LOWER(TRIM(U60)),""menorca""), ""acc_150"", TRUE, """" ) "),"acc_148") -> acc_148 | K60: Placement | L60: =IFERROR(__xludf.DUMMYFUNCTION("LET( s, UPPER(TRIM(T60)), IF(REGEXMATCH(s,""CLOSED.*WON""), ""ACTIVA"", IF(REGEXMATCH(s,""CLOSED.*LOST""), ""FALLIDA"", IF(REGEXMATCH(s,""CONTACT.*NEXT.*SEASON""), ""POTENCIAL"", IF(REGEXMATCH(s,""\bLEAD\b""), ""LEAD"", IF(REGEXMATCH(s,""INTER"&"EST|POTENTIAL""), ""SEGUIMIENTO"", ""SEGUIMIENTO""))))) ) "),"SEGUIMIENTO") -> SEGUIMIENTO | N60: =V60 -> Nico | O60: =W60 | S60: FALSE | T60: INTERESTED | U60: Madrid | V60: Nico
A61: acc_060 | B61: Sea Beach | C61: =IFERROR(__xludf.DUMMYFUNCTION("IFS( REGEXMATCH(LOWER(TRIM(N61)),""nico""), ""us_001"", REGEXMATCH(LOWER(TRIM(N61)),""alfonso""), ""us_002"", REGEXMATCH(LOWER(TRIM(N61)),""patxi""), ""us_003"", REGEXMATCH(LOWER(TRIM(N61)),""martin""), ""us_004"", TRUE, ""us_999"" )"),"us_003") -> us_003 | D61: =IFERROR(__xludf.DUMMYFUNCTION("""COMPUTED_VALUE"""),"us_003") -> us_003 | E61: Horeca | F61: =IFERROR(__xludf.DUMMYFUNCTION("LET( s, UPPER(TRIM(N61)), IF(REGEXMATCH(s,""CLOSED.*WON""), ""ACTIVA"", IF(REGEXMATCH(s,""CLOSED.*LOST""), ""FALLIDA"", IF(REGEXMATCH(s,""CONTACT.*NEXT.*SEASON""), ""POTENCIAL"", IF(REGEXMATCH(s,""\bLEAD\b""), ""LEAD"", IF(REGEXMATCH(s,""INTER"&"EST|POTENTIAL""), ""SEGUIMIENTO"", ""SEGUIMIENTO""))))) ) "),"SEGUIMIENTO") -> SEGUIMIENTO | G61: Placement | H61: =IFERROR(__xludf.DUMMYFUNCTION("IFS( REGEXMATCH(LOWER(TRIM(U61)),""barcelona""), ""acc_139"", REGEXMATCH(LOWER(TRIM(U61)),""madrid""), ""acc_148"", REGEXMATCH(LOWER(TRIM(U61)),""zaragoza""), ""acc_149"", REGEXMATCH(LOWER(TRIM(U61)),""ibiza""), ""acc_140"", REGEXMATCH(LOWER(TRI"&"M(U61)),""mallorca""), ""acc_140"", REGEXMATCH(LOWER(TRIM(U61)),""menorca""), ""acc_150"", TRUE, """" ) "),"acc_139") -> acc_139 | I61: Cristina Losada | K61: Placement | L61: =IFERROR(__xludf.DUMMYFUNCTION("LET( s, UPPER(TRIM(T61)), IF(REGEXMATCH(s,""CLOSED.*WON""), ""ACTIVA"", IF(REGEXMATCH(s,""CLOSED.*LOST""), ""FALLIDA"", IF(REGEXMATCH(s,""CONTACT.*NEXT.*SEASON""), ""POTENCIAL"", IF(REGEXMATCH(s,""\bLEAD\b""), ""LEAD"", IF(REGEXMATCH(s,""INTER"&"EST|POTENTIAL""), ""SEGUIMIENTO"", ""SEGUIMIENTO""))))) ) "),"SEGUIMIENTO") -> SEGUIMIENTO | N61: =V61 -> Patxi | O61: =W61 | T61: INTERESTED | U61: Barcelona | V61: Patxi
A62: acc_061 | B62: Grupo Hyatt | C62: =IFERROR(__xludf.DUMMYFUNCTION("IFS( REGEXMATCH(LOWER(TRIM(N62)),""nico""), ""us_001"", REGEXMATCH(LOWER(TRIM(N62)),""alfonso""), ""us_002"", REGEXMATCH(LOWER(TRIM(N62)),""patxi""), ""us_003"", REGEXMATCH(LOWER(TRIM(N62)),""martin""), ""us_004"", TRUE, ""us_999"" )"),"us_003") -> us_003 | D62: =IFERROR(__xludf.DUMMYFUNCTION("""COMPUTED_VALUE"""),"us_003") -> us_003 | E62: Horeca | F62: =IFERROR(__xludf.DUMMYFUNCTION("LET( s, UPPER(TRIM(N62)), IF(REGEXMATCH(s,""CLOSED.*WON""), ""ACTIVA"", IF(REGEXMATCH(s,""CLOSED.*LOST""), ""FALLIDA"", IF(REGEXMATCH(s,""CONTACT.*NEXT.*SEASON""), ""POTENCIAL"", IF(REGEXMATCH(s,""\bLEAD\b""), ""LEAD"", IF(REGEXMATCH(s,""INTER"&"EST|POTENTIAL""), ""SEGUIMIENTO"", ""SEGUIMIENTO""))))) ) "),"SEGUIMIENTO") -> SEGUIMIENTO | G62: Placement | H62: =IFERROR(__xludf.DUMMYFUNCTION("IFS( REGEXMATCH(LOWER(TRIM(U62)),""barcelona""), ""acc_139"", REGEXMATCH(LOWER(TRIM(U62)),""madrid""), ""acc_148"", REGEXMATCH(LOWER(TRIM(U62)),""zaragoza""), ""acc_149"", REGEXMATCH(LOWER(TRIM(U62)),""ibiza""), ""acc_140"", REGEXMATCH(LOWER(TRI"&"M(U62)),""mallorca""), ""acc_140"", REGEXMATCH(LOWER(TRIM(U62)),""menorca""), ""acc_150"", TRUE, """" ) "),"acc_140") -> acc_140 | I62: Rubén Ubric | K62: Placement | L62: =IFERROR(__xludf.DUMMYFUNCTION("LET( s, UPPER(TRIM(T62)), IF(REGEXMATCH(s,""CLOSED.*WON""), ""ACTIVA"", IF(REGEXMATCH(s,""CLOSED.*LOST""), ""FALLIDA"", IF(REGEXMATCH(s,""CONTACT.*NEXT.*SEASON""), ""POTENCIAL"", IF(REGEXMATCH(s,""\bLEAD\b""), ""LEAD"", IF(REGEXMATCH(s,""INTER"&"EST|POTENTIAL""), ""SEGUIMIENTO"", ""SEGUIMIENTO""))))) ) "),"SEGUIMIENTO") -> SEGUIMIENTO | N62: =V62 -> Patxi | O62: =W62 | T62: INTERESTED | U62: Mallorca | V62: Patxi
A63: acc_062 | B63: AN Group | C63: =IFERROR(__xludf.DUMMYFUNCTION("IFS( REGEXMATCH(LOWER(TRIM(N63)),""nico""), ""us_001"", REGEXMATCH(LOWER(TRIM(N63)),""alfonso""), ""us_002"", REGEXMATCH(LOWER(TRIM(N63)),""patxi""), ""us_003"", REGEXMATCH(LOWER(TRIM(N63)),""martin""), ""us_004"", TRUE, ""us_999"" )"),"us_003") -> us_003 | D63: =IFERROR(__xludf.DUMMYFUNCTION("""COMPUTED_VALUE"""),"us_003") -> us_003 | E63: Horeca | F63: =IFERROR(__xludf.DUMMYFUNCTION("LET( s, UPPER(TRIM(N63)), IF(REGEXMATCH(s,""CLOSED.*WON""), ""ACTIVA"", IF(REGEXMATCH(s,""CLOSED.*LOST""), ""FALLIDA"", IF(REGEXMATCH(s,""CONTACT.*NEXT.*SEASON""), ""POTENCIAL"", IF(REGEXMATCH(s,""\bLEAD\b""), ""LEAD"", IF(REGEXMATCH(s,""INTER"&"EST|POTENTIAL""), ""SEGUIMIENTO"", ""SEGUIMIENTO""))))) ) "),"SEGUIMIENTO") -> SEGUIMIENTO | G63: Placement | H63: =IFERROR(__xludf.DUMMYFUNCTION("IFS( REGEXMATCH(LOWER(TRIM(U63)),""barcelona""), ""acc_139"", REGEXMATCH(LOWER(TRIM(U63)),""madrid""), ""acc_148"", REGEXMATCH(LOWER(TRIM(U63)),""zaragoza""), ""acc_149"", REGEXMATCH(LOWER(TRIM(U63)),""ibiza""), ""acc_140"", REGEXMATCH(LOWER(TRI"&"M(U63)),""mallorca""), ""acc_140"", REGEXMATCH(LOWER(TRIM(U63)),""menorca""), ""acc_150"", TRUE, """" ) "),"acc_139") -> acc_139 | I63: Carlos Conde | K63: Placement | L63: =IFERROR(__xludf.DUMMYFUNCTION("LET( s, UPPER(TRIM(T63)), IF(REGEXMATCH(s,""CLOSED.*WON""), ""ACTIVA"", IF(REGEXMATCH(s,""CLOSED.*LOST""), ""FALLIDA"", IF(REGEXMATCH(s,""CONTACT.*NEXT.*SEASON""), ""POTENCIAL"", IF(REGEXMATCH(s,""\bLEAD\b""), ""LEAD"", IF(REGEXMATCH(s,""INTER"&"EST|POTENTIAL""), ""SEGUIMIENTO"", ""SEGUIMIENTO""))))) ) "),"SEGUIMIENTO") -> SEGUIMIENTO | N63: =V63 -> Patxi | O63: =W63 | T63: INTERESTED | U63: Barcelona | V63: Patxi
A64: acc_063 | B64: Kiss chupitos | C64: =IFERROR(__xludf.DUMMYFUNCTION("IFS( REGEXMATCH(LOWER(TRIM(N64)),""nico""), ""us_001"", REGEXMATCH(LOWER(TRIM(N64)),""alfonso""), ""us_002"", REGEXMATCH(LOWER(TRIM(N64)),""patxi""), ""us_003"", REGEXMATCH(LOWER(TRIM(N64)),""martin""), ""us_004"", TRUE, ""us_999"" )"),"us_002") -> us_002 | D64: =IFERROR(__xludf.DUMMYFUNCTION("""COMPUTED_VALUE"""),"us_002") -> us_002 | E64: Horeca | F64: =IFERROR(__xludf.DUMMYFUNCTION("LET( s, UPPER(TRIM(N64)), IF(REGEXMATCH(s,""CLOSED.*WON""), ""ACTIVA"", IF(REGEXMATCH(s,""CLOSED.*LOST""), ""FALLIDA"", IF(REGEXMATCH(s,""CONTACT.*NEXT.*SEASON""), ""POTENCIAL"", IF(REGEXMATCH(s,""\bLEAD\b""), ""LEAD"", IF(REGEXMATCH(s,""INTER"&"EST|POTENTIAL""), ""SEGUIMIENTO"", ""SEGUIMIENTO""))))) ) "),"SEGUIMIENTO") -> SEGUIMIENTO | G64: Placement | H64: =IFERROR(__xludf.DUMMYFUNCTION("IFS( REGEXMATCH(LOWER(TRIM(U64)),""barcelona""), ""acc_139"", REGEXMATCH(LOWER(TRIM(U64)),""madrid""), ""acc_148"", REGEXMATCH(LOWER(TRIM(U64)),""zaragoza""), ""acc_149"", REGEXMATCH(LOWER(TRIM(U64)),""ibiza""), ""acc_140"", REGEXMATCH(LOWER(TRI"&"M(U64)),""mallorca""), ""acc_140"", REGEXMATCH(LOWER(TRIM(U64)),""menorca""), ""acc_150"", TRUE, """" ) "),"acc_148") -> acc_148 | I64: selim | K64: Placement | L64: =IFERROR(__xludf.DUMMYFUNCTION("LET( s, UPPER(TRIM(T64)), IF(REGEXMATCH(s,""CLOSED.*WON""), ""ACTIVA"", IF(REGEXMATCH(s,""CLOSED.*LOST""), ""FALLIDA"", IF(REGEXMATCH(s,""CONTACT.*NEXT.*SEASON""), ""POTENCIAL"", IF(REGEXMATCH(s,""\bLEAD\b""), ""LEAD"", IF(REGEXMATCH(s,""INTER"&"EST|POTENTIAL""), ""SEGUIMIENTO"", ""SEGUIMIENTO""))))) ) "),"SEGUIMIENTO") -> SEGUIMIENTO | N64: =V64 -> Alfonso | O64: =W64 | S64: FALSE | T64: INTERESTED | U64: Madrid | V64: Alfonso
A65: acc_064 | B65: Bokaxankla: | C65: =IFERROR(__xludf.DUMMYFUNCTION("IFS( REGEXMATCH(LOWER(TRIM(N65)),""nico""), ""us_001"", REGEXMATCH(LOWER(TRIM(N65)),""alfonso""), ""us_002"", REGEXMATCH(LOWER(TRIM(N65)),""patxi""), ""us_003"", REGEXMATCH(LOWER(TRIM(N65)),""martin""), ""us_004"", TRUE, ""us_999"" )"),"us_002") -> us_002 | D65: =IFERROR(__xludf.DUMMYFUNCTION("""COMPUTED_VALUE"""),"us_002") -> us_002 | E65: Horeca | F65: =IFERROR(__xludf.DUMMYFUNCTION("LET( s, UPPER(TRIM(N65)), IF(REGEXMATCH(s,""CLOSED.*WON""), ""ACTIVA"", IF(REGEXMATCH(s,""CLOSED.*LOST""), ""FALLIDA"", IF(REGEXMATCH(s,""CONTACT.*NEXT.*SEASON""), ""POTENCIAL"", IF(REGEXMATCH(s,""\bLEAD\b""), ""LEAD"", IF(REGEXMATCH(s,""INTER"&"EST|POTENTIAL""), ""SEGUIMIENTO"", ""SEGUIMIENTO""))))) ) "),"SEGUIMIENTO") -> SEGUIMIENTO | G65: Placement | H65: =IFERROR(__xludf.DUMMYFUNCTION("IFS( REGEXMATCH(LOWER(TRIM(U65)),""barcelona""), ""acc_139"", REGEXMATCH(LOWER(TRIM(U65)),""madrid""), ""acc_148"", REGEXMATCH(LOWER(TRIM(U65)),""zaragoza""), ""acc_149"", REGEXMATCH(LOWER(TRIM(U65)),""ibiza""), ""acc_140"", REGEXMATCH(LOWER(TRI"&"M(U65)),""mallorca""), ""acc_140"", REGEXMATCH(LOWER(TRIM(U65)),""menorca""), ""acc_150"", TRUE, """" ) "),"acc_148") -> acc_148 | K65: Placement | L65: =IFERROR(__xludf.DUMMYFUNCTION("LET( s, UPPER(TRIM(T65)), IF(REGEXMATCH(s,""CLOSED.*WON""), ""ACTIVA"", IF(REGEXMATCH(s,""CLOSED.*LOST""), ""FALLIDA"", IF(REGEXMATCH(s,""CONTACT.*NEXT.*SEASON""), ""POTENCIAL"", IF(REGEXMATCH(s,""\bLEAD\b""), ""LEAD"", IF(REGEXMATCH(s,""INTER"&"EST|POTENTIAL""), ""SEGUIMIENTO"", ""SEGUIMIENTO""))))) ) "),"SEGUIMIENTO") -> SEGUIMIENTO | N65: =V65 -> Alfonso | O65: =W65 | S65: FALSE | T65: INTERESTED | U65: Madrid | V65: Alfonso
A66: acc_065 | B66: Trompo | C66: =IFERROR(__xludf.DUMMYFUNCTION("IFS( REGEXMATCH(LOWER(TRIM(N66)),""nico""), ""us_001"", REGEXMATCH(LOWER(TRIM(N66)),""alfonso""), ""us_002"", REGEXMATCH(LOWER(TRIM(N66)),""patxi""), ""us_003"", REGEXMATCH(LOWER(TRIM(N66)),""martin""), ""us_004"", TRUE, ""us_999"" )"),"us_002") -> us_002 | D66: =IFERROR(__xludf.DUMMYFUNCTION("""COMPUTED_VALUE"""),"us_002") -> us_002 | E66: Horeca | F66: =IFERROR(__xludf.DUMMYFUNCTION("LET( s, UPPER(TRIM(N66)), IF(REGEXMATCH(s,""CLOSED.*WON""), ""ACTIVA"", IF(REGEXMATCH(s,""CLOSED.*LOST""), ""FALLIDA"", IF(REGEXMATCH(s,""CONTACT.*NEXT.*SEASON""), ""POTENCIAL"", IF(REGEXMATCH(s,""\bLEAD\b""), ""LEAD"", IF(REGEXMATCH(s,""INTER"&"EST|POTENTIAL""), ""SEGUIMIENTO"", ""SEGUIMIENTO""))))) ) "),"SEGUIMIENTO") -> SEGUIMIENTO | G66: Placement | H66: =IFERROR(__xludf.DUMMYFUNCTION("IFS( REGEXMATCH(LOWER(TRIM(U66)),""barcelona""), ""acc_139"", REGEXMATCH(LOWER(TRIM(U66)),""madrid""), ""acc_148"", REGEXMATCH(LOWER(TRIM(U66)),""zaragoza""), ""acc_149"", REGEXMATCH(LOWER(TRIM(U66)),""ibiza""), ""acc_140"", REGEXMATCH(LOWER(TRI"&"M(U66)),""mallorca""), ""acc_140"", REGEXMATCH(LOWER(TRIM(U66)),""menorca""), ""acc_150"", TRUE, """" ) "),"acc_148") -> acc_148 | K66: Placement | L66: =IFERROR(__xludf.DUMMYFUNCTION("LET( s, UPPER(TRIM(T66)), IF(REGEXMATCH(s,""CLOSED.*WON""), ""ACTIVA"", IF(REGEXMATCH(s,""CLOSED.*LOST""), ""FALLIDA"", IF(REGEXMATCH(s,""CONTACT.*NEXT.*SEASON""), ""POTENCIAL"", IF(REGEXMATCH(s,""\bLEAD\b""), ""LEAD"", IF(REGEXMATCH(s,""INTER"&"EST|POTENTIAL""), ""SEGUIMIENTO"", ""SEGUIMIENTO""))))) ) "),"SEGUIMIENTO") -> SEGUIMIENTO | N66: =V66 -> Alfonso | O66: =W66 | S66: FALSE | T66: INTERESTED | U66: Madrid | V66: Alfonso
A67: acc_066 | B67: Florida Park | C67: =IFERROR(__xludf.DUMMYFUNCTION("IFS( REGEXMATCH(LOWER(TRIM(N67)),""nico""), ""us_001"", REGEXMATCH(LOWER(TRIM(N67)),""alfonso""), ""us_002"", REGEXMATCH(LOWER(TRIM(N67)),""patxi""), ""us_003"", REGEXMATCH(LOWER(TRIM(N67)),""martin""), ""us_004"", TRUE, ""us_999"" )"),"us_002") -> us_002 | D67: =IFERROR(__xludf.DUMMYFUNCTION("""COMPUTED_VALUE"""),"us_002") -> us_002 | E67: Horeca | F67: =IFERROR(__xludf.DUMMYFUNCTION("LET( s, UPPER(TRIM(N67)), IF(REGEXMATCH(s,""CLOSED.*WON""), ""ACTIVA"", IF(REGEXMATCH(s,""CLOSED.*LOST""), ""FALLIDA"", IF(REGEXMATCH(s,""CONTACT.*NEXT.*SEASON""), ""POTENCIAL"", IF(REGEXMATCH(s,""\bLEAD\b""), ""LEAD"", IF(REGEXMATCH(s,""INTER"&"EST|POTENTIAL""), ""SEGUIMIENTO"", ""SEGUIMIENTO""))))) ) "),"SEGUIMIENTO") -> SEGUIMIENTO | G67: Placement | H67: =IFERROR(__xludf.DUMMYFUNCTION("IFS( REGEXMATCH(LOWER(TRIM(U67)),""barcelona""), ""acc_139"", REGEXMATCH(LOWER(TRIM(U67)),""madrid""), ""acc_148"", REGEXMATCH(LOWER(TRIM(U67)),""zaragoza""), ""acc_149"", REGEXMATCH(LOWER(TRIM(U67)),""ibiza""), ""acc_140"", REGEXMATCH(LOWER(TRI"&"M(U67)),""mallorca""), ""acc_140"", REGEXMATCH(LOWER(TRIM(U67)),""menorca""), ""acc_150"", TRUE, """" ) "),"acc_148") -> acc_148 | K67: Placement | L67: =IFERROR(__xludf.DUMMYFUNCTION("LET( s, UPPER(TRIM(T67)), IF(REGEXMATCH(s,""CLOSED.*WON""), ""ACTIVA"", IF(REGEXMATCH(s,""CLOSED.*LOST""), ""FALLIDA"", IF(REGEXMATCH(s,""CONTACT.*NEXT.*SEASON""), ""POTENCIAL"", IF(REGEXMATCH(s,""\bLEAD\b""), ""LEAD"", IF(REGEXMATCH(s,""INTER"&"EST|POTENTIAL""), ""SEGUIMIENTO"", ""SEGUIMIENTO""))))) ) "),"SEGUIMIENTO") -> SEGUIMIENTO | N67: =V67 -> Alfonso | O67: =W67 | S67: FALSE | T67: INTERESTED | U67: Madrid | V67: Alfonso
A68: acc_067 | B68: Bajío | C68: =IFERROR(__xludf.DUMMYFUNCTION("IFS( REGEXMATCH(LOWER(TRIM(N68)),""nico""), ""us_001"", REGEXMATCH(LOWER(TRIM(N68)),""alfonso""), ""us_002"", REGEXMATCH(LOWER(TRIM(N68)),""patxi""), ""us_003"", REGEXMATCH(LOWER(TRIM(N68)),""martin""), ""us_004"", TRUE, ""us_999"" )"),"us_002") -> us_002 | D68: =IFERROR(__xludf.DUMMYFUNCTION("""COMPUTED_VALUE"""),"us_002") -> us_002 | E68: Horeca | F68: =IFERROR(__xludf.DUMMYFUNCTION("LET( s, UPPER(TRIM(N68)), IF(REGEXMATCH(s,""CLOSED.*WON""), ""ACTIVA"", IF(REGEXMATCH(s,""CLOSED.*LOST""), ""FALLIDA"", IF(REGEXMATCH(s,""CONTACT.*NEXT.*SEASON""), ""POTENCIAL"", IF(REGEXMATCH(s,""\bLEAD\b""), ""LEAD"", IF(REGEXMATCH(s,""INTER"&"EST|POTENTIAL""), ""SEGUIMIENTO"", ""SEGUIMIENTO""))))) ) "),"SEGUIMIENTO") -> SEGUIMIENTO | G68: Placement | H68: =IFERROR(__xludf.DUMMYFUNCTION("IFS( REGEXMATCH(LOWER(TRIM(U68)),""barcelona""), ""acc_139"", REGEXMATCH(LOWER(TRIM(U68)),""madrid""), ""acc_148"", REGEXMATCH(LOWER(TRIM(U68)),""zaragoza""), ""acc_149"", REGEXMATCH(LOWER(TRIM(U68)),""ibiza""), ""acc_140"", REGEXMATCH(LOWER(TRI"&"M(U68)),""mallorca""), ""acc_140"", REGEXMATCH(LOWER(TRIM(U68)),""menorca""), ""acc_150"", TRUE, """" ) "),"acc_148") -> acc_148 | K68: Placement | L68: =IFERROR(__xludf.DUMMYFUNCTION("LET( s, UPPER(TRIM(T68)), IF(REGEXMATCH(s,""CLOSED.*WON""), ""ACTIVA"", IF(REGEXMATCH(s,""CLOSED.*LOST""), ""FALLIDA"", IF(REGEXMATCH(s,""CONTACT.*NEXT.*SEASON""), ""POTENCIAL"", IF(REGEXMATCH(s,""\bLEAD\b""), ""LEAD"", IF(REGEXMATCH(s,""INTER"&"EST|POTENTIAL""), ""SEGUIMIENTO"", ""SEGUIMIENTO""))))) ) "),"SEGUIMIENTO") -> SEGUIMIENTO | N68: =V68 -> Alfonso | O68: =W68 | S68: FALSE | T68: INTERESTED | U68: Madrid | V68: Alfonso
A69: acc_068 | B69: La Boheme | C69: =IFERROR(__xludf.DUMMYFUNCTION("IFS( REGEXMATCH(LOWER(TRIM(N69)),""nico""), ""us_001"", REGEXMATCH(LOWER(TRIM(N69)),""alfonso""), ""us_002"", REGEXMATCH(LOWER(TRIM(N69)),""patxi""), ""us_003"", REGEXMATCH(LOWER(TRIM(N69)),""martin""), ""us_004"", TRUE, ""us_999"" )"),"us_999") -> us_999 | E69: Horeca | F69: =IFERROR(__xludf.DUMMYFUNCTION("LET( s, UPPER(TRIM(N69)), IF(REGEXMATCH(s,""CLOSED.*WON""), ""ACTIVA"", IF(REGEXMATCH(s,""CLOSED.*LOST""), ""FALLIDA"", IF(REGEXMATCH(s,""CONTACT.*NEXT.*SEASON""), ""POTENCIAL"", IF(REGEXMATCH(s,""\bLEAD\b""), ""LEAD"", IF(REGEXMATCH(s,""INTER"&"EST|POTENTIAL""), ""SEGUIMIENTO"", ""SEGUIMIENTO""))))) ) "),"SEGUIMIENTO") -> SEGUIMIENTO | G69: Placement | H69: =IFERROR(__xludf.DUMMYFUNCTION("IFS( REGEXMATCH(LOWER(TRIM(U69)),""barcelona""), ""acc_139"", REGEXMATCH(LOWER(TRIM(U69)),""madrid""), ""acc_148"", REGEXMATCH(LOWER(TRIM(U69)),""zaragoza""), ""acc_149"", REGEXMATCH(LOWER(TRIM(U69)),""ibiza""), ""acc_140"", REGEXMATCH(LOWER(TRI"&"M(U69)),""mallorca""), ""acc_140"", REGEXMATCH(LOWER(TRIM(U69)),""menorca""), ""acc_150"", TRUE, """" ) "),"") | K69: Placement | L69: =IFERROR(__xludf.DUMMYFUNCTION("LET( s, UPPER(TRIM(T69)), IF(REGEXMATCH(s,""CLOSED.*WON""), ""ACTIVA"", IF(REGEXMATCH(s,""CLOSED.*LOST""), ""FALLIDA"", IF(REGEXMATCH(s,""CONTACT.*NEXT.*SEASON""), ""POTENCIAL"", IF(REGEXMATCH(s,""\bLEAD\b""), ""LEAD"", IF(REGEXMATCH(s,""INTER"&"EST|POTENTIAL""), ""SEGUIMIENTO"", ""SEGUIMIENTO""))))) ) "),"SEGUIMIENTO") -> SEGUIMIENTO | N69: =V69 | O69: =W69
A70: acc_069 | B70: Los Peñotes | C70: =IFERROR(__xludf.DUMMYFUNCTION("IFS( REGEXMATCH(LOWER(TRIM(N70)),""nico""), ""us_001"", REGEXMATCH(LOWER(TRIM(N70)),""alfonso""), ""us_002"", REGEXMATCH(LOWER(TRIM(N70)),""patxi""), ""us_003"", REGEXMATCH(LOWER(TRIM(N70)),""martin""), ""us_004"", TRUE, ""us_999"" )"),"us_999") -> us_999 | E70: Horeca | F70: =IFERROR(__xludf.DUMMYFUNCTION("LET( s, UPPER(TRIM(N70)), IF(REGEXMATCH(s,""CLOSED.*WON""), ""ACTIVA"", IF(REGEXMATCH(s,""CLOSED.*LOST""), ""FALLIDA"", IF(REGEXMATCH(s,""CONTACT.*NEXT.*SEASON""), ""POTENCIAL"", IF(REGEXMATCH(s,""\bLEAD\b""), ""LEAD"", IF(REGEXMATCH(s,""INTER"&"EST|POTENTIAL""), ""SEGUIMIENTO"", ""SEGUIMIENTO""))))) ) "),"SEGUIMIENTO") -> SEGUIMIENTO | G70: Placement | H70: =IFERROR(__xludf.DUMMYFUNCTION("IFS( REGEXMATCH(LOWER(TRIM(U70)),""barcelona""), ""acc_139"", REGEXMATCH(LOWER(TRIM(U70)),""madrid""), ""acc_148"", REGEXMATCH(LOWER(TRIM(U70)),""zaragoza""), ""acc_149"", REGEXMATCH(LOWER(TRIM(U70)),""ibiza""), ""acc_140"", REGEXMATCH(LOWER(TRI"&"M(U70)),""mallorca""), ""acc_140"", REGEXMATCH(LOWER(TRIM(U70)),""menorca""), ""acc_150"", TRUE, """" ) "),"") | K70: Placement | L70: =IFERROR(__xludf.DUMMYFUNCTION("LET( s, UPPER(TRIM(T70)), IF(REGEXMATCH(s,""CLOSED.*WON""), ""ACTIVA"", IF(REGEXMATCH(s,""CLOSED.*LOST""), ""FALLIDA"", IF(REGEXMATCH(s,""CONTACT.*NEXT.*SEASON""), ""POTENCIAL"", IF(REGEXMATCH(s,""\bLEAD\b""), ""LEAD"", IF(REGEXMATCH(s,""INTER"&"EST|POTENTIAL""), ""SEGUIMIENTO"", ""SEGUIMIENTO""))))) ) "),"SEGUIMIENTO") -> SEGUIMIENTO | N70: =V70 | O70: =W70
A71: acc_070 | B71: Ciboulet | C71: =IFERROR(__xludf.DUMMYFUNCTION("IFS( REGEXMATCH(LOWER(TRIM(N71)),""nico""), ""us_001"", REGEXMATCH(LOWER(TRIM(N71)),""alfonso""), ""us_002"", REGEXMATCH(LOWER(TRIM(N71)),""patxi""), ""us_003"", REGEXMATCH(LOWER(TRIM(N71)),""martin""), ""us_004"", TRUE, ""us_999"" )"),"us_002") -> us_002 | D71: =IFERROR(__xludf.DUMMYFUNCTION("""COMPUTED_VALUE"""),"us_002") -> us_002 | E71: Horeca | F71: =IFERROR(__xludf.DUMMYFUNCTION("LET( s, UPPER(TRIM(N71)), IF(REGEXMATCH(s,""CLOSED.*WON""), ""ACTIVA"", IF(REGEXMATCH(s,""CLOSED.*LOST""), ""FALLIDA"", IF(REGEXMATCH(s,""CONTACT.*NEXT.*SEASON""), ""POTENCIAL"", IF(REGEXMATCH(s,""\bLEAD\b""), ""LEAD"", IF(REGEXMATCH(s,""INTER"&"EST|POTENTIAL""), ""SEGUIMIENTO"", ""SEGUIMIENTO""))))) ) "),"SEGUIMIENTO") -> SEGUIMIENTO | G71: Placement | H71: =IFERROR(__xludf.DUMMYFUNCTION("IFS( REGEXMATCH(LOWER(TRIM(U71)),""barcelona""), ""acc_139"", REGEXMATCH(LOWER(TRIM(U71)),""madrid""), ""acc_148"", REGEXMATCH(LOWER(TRIM(U71)),""zaragoza""), ""acc_149"", REGEXMATCH(LOWER(TRIM(U71)),""ibiza""), ""acc_140"", REGEXMATCH(LOWER(TRI"&"M(U71)),""mallorca""), ""acc_140"", REGEXMATCH(LOWER(TRIM(U71)),""menorca""), ""acc_150"", TRUE, """" ) "),"acc_148") -> acc_148 | K71: Placement | L71: =IFERROR(__xludf.DUMMYFUNCTION("LET( s, UPPER(TRIM(T71)), IF(REGEXMATCH(s,""CLOSED.*WON""), ""ACTIVA"", IF(REGEXMATCH(s,""CLOSED.*LOST""), ""FALLIDA"", IF(REGEXMATCH(s,""CONTACT.*NEXT.*SEASON""), ""POTENCIAL"", IF(REGEXMATCH(s,""\bLEAD\b""), ""LEAD"", IF(REGEXMATCH(s,""INTER"&"EST|POTENTIAL""), ""SEGUIMIENTO"", ""SEGUIMIENTO""))))) ) "),"SEGUIMIENTO") -> SEGUIMIENTO | N71: =V71 -> Alfonso | O71: =W71 | S71: FALSE | T71: INTERESTED | U71: Madrid | V71: Alfonso
A72: acc_071 | B72: NH | C72: =IFERROR(__xludf.DUMMYFUNCTION("IFS( REGEXMATCH(LOWER(TRIM(N72)),""nico""), ""us_001"", REGEXMATCH(LOWER(TRIM(N72)),""alfonso""), ""us_002"", REGEXMATCH(LOWER(TRIM(N72)),""patxi""), ""us_003"", REGEXMATCH(LOWER(TRIM(N72)),""martin""), ""us_004"", TRUE, ""us_999"" )"),"us_002") -> us_002 | D72: =IFERROR(__xludf.DUMMYFUNCTION("""COMPUTED_VALUE"""),"us_002") -> us_002 | E72: Horeca | F72: =IFERROR(__xludf.DUMMYFUNCTION("LET( s, UPPER(TRIM(N72)), IF(REGEXMATCH(s,""CLOSED.*WON""), ""ACTIVA"", IF(REGEXMATCH(s,""CLOSED.*LOST""), ""FALLIDA"", IF(REGEXMATCH(s,""CONTACT.*NEXT.*SEASON""), ""POTENCIAL"", IF(REGEXMATCH(s,""\bLEAD\b""), ""LEAD"", IF(REGEXMATCH(s,""INTER"&"EST|POTENTIAL""), ""SEGUIMIENTO"", ""SEGUIMIENTO""))))) ) "),"SEGUIMIENTO") -> SEGUIMIENTO | G72: Placement | H72: =IFERROR(__xludf.DUMMYFUNCTION("IFS( REGEXMATCH(LOWER(TRIM(U72)),""barcelona""), ""acc_139"", REGEXMATCH(LOWER(TRIM(U72)),""madrid""), ""acc_148"", REGEXMATCH(LOWER(TRIM(U72)),""zaragoza""), ""acc_149"", REGEXMATCH(LOWER(TRIM(U72)),""ibiza""), ""acc_140"", REGEXMATCH(LOWER(TRI"&"M(U72)),""mallorca""), ""acc_140"", REGEXMATCH(LOWER(TRIM(U72)),""menorca""), ""acc_150"", TRUE, """" ) "),"acc_148") -> acc_148 | K72: Placement | L72: =IFERROR(__xludf.DUMMYFUNCTION("LET( s, UPPER(TRIM(T72)), IF(REGEXMATCH(s,""CLOSED.*WON""), ""ACTIVA"", IF(REGEXMATCH(s,""CLOSED.*LOST""), ""FALLIDA"", IF(REGEXMATCH(s,""CONTACT.*NEXT.*SEASON""), ""POTENCIAL"", IF(REGEXMATCH(s,""\bLEAD\b""), ""LEAD"", IF(REGEXMATCH(s,""INTER"&"EST|POTENTIAL""), ""SEGUIMIENTO"", ""SEGUIMIENTO""))))) ) "),"SEGUIMIENTO") -> SEGUIMIENTO | N72: =V72 -> Alfonso | O72: =W72 | S72: FALSE | T72: INTERESTED | U72: Madrid | V72: Alfonso
A73: acc_072 | B73: AC | C73: =IFERROR(__xludf.DUMMYFUNCTION("IFS( REGEXMATCH(LOWER(TRIM(N73)),""nico""), ""us_001"", REGEXMATCH(LOWER(TRIM(N73)),""alfonso""), ""us_002"", REGEXMATCH(LOWER(TRIM(N73)),""patxi""), ""us_003"", REGEXMATCH(LOWER(TRIM(N73)),""martin""), ""us_004"", TRUE, ""us_999"" )"),"us_002") -> us_002 | D73: =IFERROR(__xludf.DUMMYFUNCTION("""COMPUTED_VALUE"""),"us_002") -> us_002 | E73: Horeca | F73: =IFERROR(__xludf.DUMMYFUNCTION("LET( s, UPPER(TRIM(N73)), IF(REGEXMATCH(s,""CLOSED.*WON""), ""ACTIVA"", IF(REGEXMATCH(s,""CLOSED.*LOST""), ""FALLIDA"", IF(REGEXMATCH(s,""CONTACT.*NEXT.*SEASON""), ""POTENCIAL"", IF(REGEXMATCH(s,""\bLEAD\b""), ""LEAD"", IF(REGEXMATCH(s,""INTER"&"EST|POTENTIAL""), ""SEGUIMIENTO"", ""SEGUIMIENTO""))))) ) "),"SEGUIMIENTO") -> SEGUIMIENTO | G73: Placement | H73: =IFERROR(__xludf.DUMMYFUNCTION("IFS( REGEXMATCH(LOWER(TRIM(U73)),""barcelona""), ""acc_139"", REGEXMATCH(LOWER(TRIM(U73)),""madrid""), ""acc_148"", REGEXMATCH(LOWER(TRIM(U73)),""zaragoza""), ""acc_149"", REGEXMATCH(LOWER(TRIM(U73)),""ibiza""), ""acc_140"", REGEXMATCH(LOWER(TRI"&"M(U73)),""mallorca""), ""acc_140"", REGEXMATCH(LOWER(TRIM(U73)),""menorca""), ""acc_150"", TRUE, """" ) "),"acc_148") -> acc_148 | K73: Placement | L73: =IFERROR(__xludf.DUMMYFUNCTION("LET( s, UPPER(TRIM(T73)), IF(REGEXMATCH(s,""CLOSED.*WON""), ""ACTIVA"", IF(REGEXMATCH(s,""CLOSED.*LOST""), ""FALLIDA"", IF(REGEXMATCH(s,""CONTACT.*NEXT.*SEASON""), ""POTENCIAL"", IF(REGEXMATCH(s,""\bLEAD\b""), ""LEAD"", IF(REGEXMATCH(s,""INTER"&"EST|POTENTIAL""), ""SEGUIMIENTO"", ""SEGUIMIENTO""))))) ) "),"SEGUIMIENTO") -> SEGUIMIENTO | N73: =V73 -> Alfonso | O73: =W73 | S73: FALSE | T73: INTERESTED | U73: Madrid | V73: Alfonso
A74: acc_073 | B74: Café de París | C74: =IFERROR(__xludf.DUMMYFUNCTION("IFS( REGEXMATCH(LOWER(TRIM(N74)),""nico""), ""us_001"", REGEXMATCH(LOWER(TRIM(N74)),""alfonso""), ""us_002"", REGEXMATCH(LOWER(TRIM(N74)),""patxi""), ""us_003"", REGEXMATCH(LOWER(TRIM(N74)),""martin""), ""us_004"", TRUE, ""us_999"" )"),"us_002") -> us_002 | D74: =IFERROR(__xludf.DUMMYFUNCTION("""COMPUTED_VALUE"""),"us_002") -> us_002 | E74: Horeca | F74: =IFERROR(__xludf.DUMMYFUNCTION("LET( s, UPPER(TRIM(N74)), IF(REGEXMATCH(s,""CLOSED.*WON""), ""ACTIVA"", IF(REGEXMATCH(s,""CLOSED.*LOST""), ""FALLIDA"", IF(REGEXMATCH(s,""CONTACT.*NEXT.*SEASON""), ""POTENCIAL"", IF(REGEXMATCH(s,""\bLEAD\b""), ""LEAD"", IF(REGEXMATCH(s,""INTER"&"EST|POTENTIAL""), ""SEGUIMIENTO"", ""SEGUIMIENTO""))))) ) "),"SEGUIMIENTO") -> SEGUIMIENTO | G74: Placement | H74: =IFERROR(__xludf.DUMMYFUNCTION("IFS( REGEXMATCH(LOWER(TRIM(U74)),""barcelona""), ""acc_139"", REGEXMATCH(LOWER(TRIM(U74)),""madrid""), ""acc_148"", REGEXMATCH(LOWER(TRIM(U74)),""zaragoza""), ""acc_149"", REGEXMATCH(LOWER(TRIM(U74)),""ibiza""), ""acc_140"", REGEXMATCH(LOWER(TRI"&"M(U74)),""mallorca""), ""acc_140"", REGEXMATCH(LOWER(TRIM(U74)),""menorca""), ""acc_150"", TRUE, """" ) "),"acc_148") -> acc_148 | K74: Placement | L74: =IFERROR(__xludf.DUMMYFUNCTION("LET( s, UPPER(TRIM(T74)), IF(REGEXMATCH(s,""CLOSED.*WON""), ""ACTIVA"", IF(REGEXMATCH(s,""CLOSED.*LOST""), ""FALLIDA"", IF(REGEXMATCH(s,""CONTACT.*NEXT.*SEASON""), ""POTENCIAL"", IF(REGEXMATCH(s,""\bLEAD\b""), ""LEAD"", IF(REGEXMATCH(s,""INTER"&"EST|POTENTIAL""), ""SEGUIMIENTO"", ""SEGUIMIENTO""))))) ) "),"SEGUIMIENTO") -> SEGUIMIENTO | N74: =V74 -> Alfonso | O74: =W74 | S74: FALSE | T74: INTERESTED | U74: Madrid | V74: Alfonso
A75: acc_074 | B75: Bar Nuevo M40 | C75: =IFERROR(__xludf.DUMMYFUNCTION("IFS( REGEXMATCH(LOWER(TRIM(N75)),""nico""), ""us_001"", REGEXMATCH(LOWER(TRIM(N75)),""alfonso""), ""us_002"", REGEXMATCH(LOWER(TRIM(N75)),""patxi""), ""us_003"", REGEXMATCH(LOWER(TRIM(N75)),""martin""), ""us_004"", TRUE, ""us_999"" )"),"us_002") -> us_002 | D75: =IFERROR(__xludf.DUMMYFUNCTION("""COMPUTED_VALUE"""),"us_002") -> us_002 | E75: Horeca | F75: =IFERROR(__xludf.DUMMYFUNCTION("LET( s, UPPER(TRIM(N75)), IF(REGEXMATCH(s,""CLOSED.*WON""), ""ACTIVA"", IF(REGEXMATCH(s,""CLOSED.*LOST""), ""FALLIDA"", IF(REGEXMATCH(s,""CONTACT.*NEXT.*SEASON""), ""POTENCIAL"", IF(REGEXMATCH(s,""\bLEAD\b""), ""LEAD"", IF(REGEXMATCH(s,""INTER"&"EST|POTENTIAL""), ""SEGUIMIENTO"", ""SEGUIMIENTO""))))) ) "),"SEGUIMIENTO") -> SEGUIMIENTO | G75: Placement | H75: =IFERROR(__xludf.DUMMYFUNCTION("IFS( REGEXMATCH(LOWER(TRIM(U75)),""barcelona""), ""acc_139"", REGEXMATCH(LOWER(TRIM(U75)),""madrid""), ""acc_148"", REGEXMATCH(LOWER(TRIM(U75)),""zaragoza""), ""acc_149"", REGEXMATCH(LOWER(TRIM(U75)),""ibiza""), ""acc_140"", REGEXMATCH(LOWER(TRI"&"M(U75)),""mallorca""), ""acc_140"", REGEXMATCH(LOWER(TRIM(U75)),""menorca""), ""acc_150"", TRUE, """" ) "),"acc_148") -> acc_148 | K75: Placement | L75: =IFERROR(__xludf.DUMMYFUNCTION("LET( s, UPPER(TRIM(T75)), IF(REGEXMATCH(s,""CLOSED.*WON""), ""ACTIVA"", IF(REGEXMATCH(s,""CLOSED.*LOST""), ""FALLIDA"", IF(REGEXMATCH(s,""CONTACT.*NEXT.*SEASON""), ""POTENCIAL"", IF(REGEXMATCH(s,""\bLEAD\b""), ""LEAD"", IF(REGEXMATCH(s,""INTER"&"EST|POTENTIAL""), ""SEGUIMIENTO"", ""SEGUIMIENTO""))))) ) "),"SEGUIMIENTO") -> SEGUIMIENTO | N75: =V75 -> Alfonso | O75: =W75 | S75: FALSE | T75: INTERESTED | U75: Madrid | V75: Alfonso
A76: acc_075 | B76: Noname | C76: =IFERROR(__xludf.DUMMYFUNCTION("IFS( REGEXMATCH(LOWER(TRIM(N76)),""nico""), ""us_001"", REGEXMATCH(LOWER(TRIM(N76)),""alfonso""), ""us_002"", REGEXMATCH(LOWER(TRIM(N76)),""patxi""), ""us_003"", REGEXMATCH(LOWER(TRIM(N76)),""martin""), ""us_004"", TRUE, ""us_999"" )"),"us_002") -> us_002 | D76: =IFERROR(__xludf.DUMMYFUNCTION("""COMPUTED_VALUE"""),"us_002") -> us_002 | E76: Horeca | F76: =IFERROR(__xludf.DUMMYFUNCTION("LET( s, UPPER(TRIM(N76)), IF(REGEXMATCH(s,""CLOSED.*WON""), ""ACTIVA"", IF(REGEXMATCH(s,""CLOSED.*LOST""), ""FALLIDA"", IF(REGEXMATCH(s,""CONTACT.*NEXT.*SEASON""), ""POTENCIAL"", IF(REGEXMATCH(s,""\bLEAD\b""), ""LEAD"", IF(REGEXMATCH(s,""INTER"&"EST|POTENTIAL""), ""SEGUIMIENTO"", ""SEGUIMIENTO""))))) ) "),"SEGUIMIENTO") -> SEGUIMIENTO | G76: Placement | H76: =IFERROR(__xludf.DUMMYFUNCTION("IFS( REGEXMATCH(LOWER(TRIM(U76)),""barcelona""), ""acc_139"", REGEXMATCH(LOWER(TRIM(U76)),""madrid""), ""acc_148"", REGEXMATCH(LOWER(TRIM(U76)),""zaragoza""), ""acc_149"", REGEXMATCH(LOWER(TRIM(U76)),""ibiza""), ""acc_140"", REGEXMATCH(LOWER(TRI"&"M(U76)),""mallorca""), ""acc_140"", REGEXMATCH(LOWER(TRIM(U76)),""menorca""), ""acc_150"", TRUE, """" ) "),"acc_148") -> acc_148 | K76: Placement | L76: =IFERROR(__xludf.DUMMYFUNCTION("LET( s, UPPER(TRIM(T76)), IF(REGEXMATCH(s,""CLOSED.*WON""), ""ACTIVA"", IF(REGEXMATCH(s,""CLOSED.*LOST""), ""FALLIDA"", IF(REGEXMATCH(s,""CONTACT.*NEXT.*SEASON""), ""POTENCIAL"", IF(REGEXMATCH(s,""\bLEAD\b""), ""LEAD"", IF(REGEXMATCH(s,""INTER"&"EST|POTENTIAL""), ""SEGUIMIENTO"", ""SEGUIMIENTO""))))) ) "),"SEGUIMIENTO") -> SEGUIMIENTO | N76: =V76 -> Alfonso | O76: =W76 | S76: FALSE | T76: INTERESTED | U76: Madrid | V76: Alfonso
A77: acc_076 | B77: Liquor Store | C77: =IFERROR(__xludf.DUMMYFUNCTION("IFS( REGEXMATCH(LOWER(TRIM(N77)),""nico""), ""us_001"", REGEXMATCH(LOWER(TRIM(N77)),""alfonso""), ""us_002"", REGEXMATCH(LOWER(TRIM(N77)),""patxi""), ""us_003"", REGEXMATCH(LOWER(TRIM(N77)),""martin""), ""us_004"", TRUE, ""us_999"" )"),"us_002") -> us_002 | D77: =IFERROR(__xludf.DUMMYFUNCTION("""COMPUTED_VALUE"""),"us_002") -> us_002 | E77: Horeca | F77: =IFERROR(__xludf.DUMMYFUNCTION("LET( s, UPPER(TRIM(N77)), IF(REGEXMATCH(s,""CLOSED.*WON""), ""ACTIVA"", IF(REGEXMATCH(s,""CLOSED.*LOST""), ""FALLIDA"", IF(REGEXMATCH(s,""CONTACT.*NEXT.*SEASON""), ""POTENCIAL"", IF(REGEXMATCH(s,""\bLEAD\b""), ""LEAD"", IF(REGEXMATCH(s,""INTER"&"EST|POTENTIAL""), ""SEGUIMIENTO"", ""SEGUIMIENTO""))))) ) "),"SEGUIMIENTO") -> SEGUIMIENTO | G77: Placement | H77: =IFERROR(__xludf.DUMMYFUNCTION("IFS( REGEXMATCH(LOWER(TRIM(U77)),""barcelona""), ""acc_139"", REGEXMATCH(LOWER(TRIM(U77)),""madrid""), ""acc_148"", REGEXMATCH(LOWER(TRIM(U77)),""zaragoza""), ""acc_149"", REGEXMATCH(LOWER(TRIM(U77)),""ibiza""), ""acc_140"", REGEXMATCH(LOWER(TRI"&"M(U77)),""mallorca""), ""acc_140"", REGEXMATCH(LOWER(TRIM(U77)),""menorca""), ""acc_150"", TRUE, """" ) "),"acc_148") -> acc_148 | K77: Placement | L77: =IFERROR(__xludf.DUMMYFUNCTION("LET( s, UPPER(TRIM(T77)), IF(REGEXMATCH(s,""CLOSED.*WON""), ""ACTIVA"", IF(REGEXMATCH(s,""CLOSED.*LOST""), ""FALLIDA"", IF(REGEXMATCH(s,""CONTACT.*NEXT.*SEASON""), ""POTENCIAL"", IF(REGEXMATCH(s,""\bLEAD\b""), ""LEAD"", IF(REGEXMATCH(s,""INTER"&"EST|POTENTIAL""), ""SEGUIMIENTO"", ""SEGUIMIENTO""))))) ) "),"SEGUIMIENTO") -> SEGUIMIENTO | N77: =V77 -> Alfonso | O77: =W77 | S77: FALSE | T77: INTERESTED | U77: Madrid | V77: Alfonso
A78: acc_077 | B78: Fuerte Group Hotels | C78: =IFERROR(__xludf.DUMMYFUNCTION("IFS( REGEXMATCH(LOWER(TRIM(N78)),""nico""), ""us_001"", REGEXMATCH(LOWER(TRIM(N78)),""alfonso""), ""us_002"", REGEXMATCH(LOWER(TRIM(N78)),""patxi""), ""us_003"", REGEXMATCH(LOWER(TRIM(N78)),""martin""), ""us_004"", TRUE, ""us_999"" )"),"us_002") -> us_002 | D78: =IFERROR(__xludf.DUMMYFUNCTION("""COMPUTED_VALUE"""),"us_002") -> us_002 | E78: Horeca | F78: =IFERROR(__xludf.DUMMYFUNCTION("LET( s, UPPER(TRIM(N78)), IF(REGEXMATCH(s,""CLOSED.*WON""), ""ACTIVA"", IF(REGEXMATCH(s,""CLOSED.*LOST""), ""FALLIDA"", IF(REGEXMATCH(s,""CONTACT.*NEXT.*SEASON""), ""POTENCIAL"", IF(REGEXMATCH(s,""\bLEAD\b""), ""LEAD"", IF(REGEXMATCH(s,""INTER"&"EST|POTENTIAL""), ""SEGUIMIENTO"", ""SEGUIMIENTO""))))) ) "),"SEGUIMIENTO") -> SEGUIMIENTO | G78: Placement | H78: =IFERROR(__xludf.DUMMYFUNCTION("IFS( REGEXMATCH(LOWER(TRIM(U78)),""barcelona""), ""acc_139"", REGEXMATCH(LOWER(TRIM(U78)),""madrid""), ""acc_148"", REGEXMATCH(LOWER(TRIM(U78)),""zaragoza""), ""acc_149"", REGEXMATCH(LOWER(TRIM(U78)),""ibiza""), ""acc_140"", REGEXMATCH(LOWER(TRI"&"M(U78)),""mallorca""), ""acc_140"", REGEXMATCH(LOWER(TRIM(U78)),""menorca""), ""acc_150"", TRUE, """" ) "),"acc_148") -> acc_148 | K78: Placement | L78: =IFERROR(__xludf.DUMMYFUNCTION("LET( s, UPPER(TRIM(T78)), IF(REGEXMATCH(s,""CLOSED.*WON""), ""ACTIVA"", IF(REGEXMATCH(s,""CLOSED.*LOST""), ""FALLIDA"", IF(REGEXMATCH(s,""CONTACT.*NEXT.*SEASON""), ""POTENCIAL"", IF(REGEXMATCH(s,""\bLEAD\b""), ""LEAD"", IF(REGEXMATCH(s,""INTER"&"EST|POTENTIAL""), ""SEGUIMIENTO"", ""SEGUIMIENTO""))))) ) "),"SEGUIMIENTO") -> SEGUIMIENTO | N78: =V78 -> Alfonso | O78: =W78 | S78: FALSE | T78: INTERESTED | U78: Madrid | V78: Alfonso
A79: acc_078 | B79: 4 Latas | C79: =IFERROR(__xludf.DUMMYFUNCTION("IFS( REGEXMATCH(LOWER(TRIM(N79)),""nico""), ""us_001"", REGEXMATCH(LOWER(TRIM(N79)),""alfonso""), ""us_002"", REGEXMATCH(LOWER(TRIM(N79)),""patxi""), ""us_003"", REGEXMATCH(LOWER(TRIM(N79)),""martin""), ""us_004"", TRUE, ""us_999"" )"),"us_002") -> us_002 | D79: =IFERROR(__xludf.DUMMYFUNCTION("""COMPUTED_VALUE"""),"us_002") -> us_002 | E79: Horeca | F79: =IFERROR(__xludf.DUMMYFUNCTION("LET( s, UPPER(TRIM(N79)), IF(REGEXMATCH(s,""CLOSED.*WON""), ""ACTIVA"", IF(REGEXMATCH(s,""CLOSED.*LOST""), ""FALLIDA"", IF(REGEXMATCH(s,""CONTACT.*NEXT.*SEASON""), ""POTENCIAL"", IF(REGEXMATCH(s,""\bLEAD\b""), ""LEAD"", IF(REGEXMATCH(s,""INTER"&"EST|POTENTIAL""), ""SEGUIMIENTO"", ""SEGUIMIENTO""))))) ) "),"SEGUIMIENTO") -> SEGUIMIENTO | G79: Placement | H79: =IFERROR(__xludf.DUMMYFUNCTION("IFS( REGEXMATCH(LOWER(TRIM(U79)),""barcelona""), ""acc_139"", REGEXMATCH(LOWER(TRIM(U79)),""madrid""), ""acc_148"", REGEXMATCH(LOWER(TRIM(U79)),""zaragoza""), ""acc_149"", REGEXMATCH(LOWER(TRIM(U79)),""ibiza""), ""acc_140"", REGEXMATCH(LOWER(TRI"&"M(U79)),""mallorca""), ""acc_140"", REGEXMATCH(LOWER(TRIM(U79)),""menorca""), ""acc_150"", TRUE, """" ) "),"acc_148") -> acc_148 | K79: Placement | L79: =IFERROR(__xludf.DUMMYFUNCTION("LET( s, UPPER(TRIM(T79)), IF(REGEXMATCH(s,""CLOSED.*WON""), ""ACTIVA"", IF(REGEXMATCH(s,""CLOSED.*LOST""), ""FALLIDA"", IF(REGEXMATCH(s,""CONTACT.*NEXT.*SEASON""), ""POTENCIAL"", IF(REGEXMATCH(s,""\bLEAD\b""), ""LEAD"", IF(REGEXMATCH(s,""INTER"&"EST|POTENTIAL""), ""SEGUIMIENTO"", ""SEGUIMIENTO""))))) ) "),"SEGUIMIENTO") -> SEGUIMIENTO | N79: =V79 -> Alfonso | O79: =W79 | S79: FALSE | T79: INTERESTED | U79: Madrid | V79: Alfonso
A80: acc_079 | B80: new Orleans | C80: =IFERROR(__xludf.DUMMYFUNCTION("IFS( REGEXMATCH(LOWER(TRIM(N80)),""nico""), ""us_001"", REGEXMATCH(LOWER(TRIM(N80)),""alfonso""), ""us_002"", REGEXMATCH(LOWER(TRIM(N80)),""patxi""), ""us_003"", REGEXMATCH(LOWER(TRIM(N80)),""martin""), ""us_004"", TRUE, ""us_999"" )"),"us_002") -> us_002 | D80: =IFERROR(__xludf.DUMMYFUNCTION("""COMPUTED_VALUE"""),"us_002") -> us_002 | E80: Horeca | F80: =IFERROR(__xludf.DUMMYFUNCTION("LET( s, UPPER(TRIM(N80)), IF(REGEXMATCH(s,""CLOSED.*WON""), ""ACTIVA"", IF(REGEXMATCH(s,""CLOSED.*LOST""), ""FALLIDA"", IF(REGEXMATCH(s,""CONTACT.*NEXT.*SEASON""), ""POTENCIAL"", IF(REGEXMATCH(s,""\bLEAD\b""), ""LEAD"", IF(REGEXMATCH(s,""INTER"&"EST|POTENTIAL""), ""SEGUIMIENTO"", ""SEGUIMIENTO""))))) ) "),"SEGUIMIENTO") -> SEGUIMIENTO | G80: Placement | H80: =IFERROR(__xludf.DUMMYFUNCTION("IFS( REGEXMATCH(LOWER(TRIM(U80)),""barcelona""), ""acc_139"", REGEXMATCH(LOWER(TRIM(U80)),""madrid""), ""acc_148"", REGEXMATCH(LOWER(TRIM(U80)),""zaragoza""), ""acc_149"", REGEXMATCH(LOWER(TRIM(U80)),""ibiza""), ""acc_140"", REGEXMATCH(LOWER(TRI"&"M(U80)),""mallorca""), ""acc_140"", REGEXMATCH(LOWER(TRIM(U80)),""menorca""), ""acc_150"", TRUE, """" ) "),"") | I80: Rubén | K80: Placement | L80: =IFERROR(__xludf.DUMMYFUNCTION("LET( s, UPPER(TRIM(T80)), IF(REGEXMATCH(s,""CLOSED.*WON""), ""ACTIVA"", IF(REGEXMATCH(s,""CLOSED.*LOST""), ""FALLIDA"", IF(REGEXMATCH(s,""CONTACT.*NEXT.*SEASON""), ""POTENCIAL"", IF(REGEXMATCH(s,""\bLEAD\b""), ""LEAD"", IF(REGEXMATCH(s,""INTER"&"EST|POTENTIAL""), ""SEGUIMIENTO"", ""SEGUIMIENTO""))))) ) "),"SEGUIMIENTO") -> SEGUIMIENTO | N80: =V80 -> Alfonso | O80: =W80 | T80: INTERESTED | U80: Anadalucía | V80: Alfonso
A81: acc_080 | B81: Boca Grande | C81: =IFERROR(__xludf.DUMMYFUNCTION("IFS( REGEXMATCH(LOWER(TRIM(N81)),""nico""), ""us_001"", REGEXMATCH(LOWER(TRIM(N81)),""alfonso""), ""us_002"", REGEXMATCH(LOWER(TRIM(N81)),""patxi""), ""us_003"", REGEXMATCH(LOWER(TRIM(N81)),""martin""), ""us_004"", TRUE, ""us_999"" )"),"us_002") -> us_002 | D81: =IFERROR(__xludf.DUMMYFUNCTION("""COMPUTED_VALUE"""),"us_002") -> us_002 | E81: Horeca | F81: =IFERROR(__xludf.DUMMYFUNCTION("LET( s, UPPER(TRIM(N81)), IF(REGEXMATCH(s,""CLOSED.*WON""), ""ACTIVA"", IF(REGEXMATCH(s,""CLOSED.*LOST""), ""FALLIDA"", IF(REGEXMATCH(s,""CONTACT.*NEXT.*SEASON""), ""POTENCIAL"", IF(REGEXMATCH(s,""\bLEAD\b""), ""LEAD"", IF(REGEXMATCH(s,""INTER"&"EST|POTENTIAL""), ""SEGUIMIENTO"", ""SEGUIMIENTO""))))) ) "),"SEGUIMIENTO") -> SEGUIMIENTO | G81: Placement | H81: =IFERROR(__xludf.DUMMYFUNCTION("IFS( REGEXMATCH(LOWER(TRIM(U81)),""barcelona""), ""acc_139"", REGEXMATCH(LOWER(TRIM(U81)),""madrid""), ""acc_148"", REGEXMATCH(LOWER(TRIM(U81)),""zaragoza""), ""acc_149"", REGEXMATCH(LOWER(TRIM(U81)),""ibiza""), ""acc_140"", REGEXMATCH(LOWER(TRI"&"M(U81)),""mallorca""), ""acc_140"", REGEXMATCH(LOWER(TRIM(U81)),""menorca""), ""acc_150"", TRUE, """" ) "),"acc_139") -> acc_139 | I81: Salvador Fernández | K81: Placement | L81: =IFERROR(__xludf.DUMMYFUNCTION("LET( s, UPPER(TRIM(T81)), IF(REGEXMATCH(s,""CLOSED.*WON""), ""ACTIVA"", IF(REGEXMATCH(s,""CLOSED.*LOST""), ""FALLIDA"", IF(REGEXMATCH(s,""CONTACT.*NEXT.*SEASON""), ""POTENCIAL"", IF(REGEXMATCH(s,""\bLEAD\b""), ""LEAD"", IF(REGEXMATCH(s,""INTER"&"EST|POTENTIAL""), ""SEGUIMIENTO"", ""SEGUIMIENTO""))))) ) "),"SEGUIMIENTO") -> SEGUIMIENTO | N81: =V81 -> Alfonso | O81: =W81 | T81: INTERESTED | U81: Madrid, Barcelona | V81: Alfonso
A82: acc_081 | B82: Boca Chica | C82: =IFERROR(__xludf.DUMMYFUNCTION("IFS( REGEXMATCH(LOWER(TRIM(N82)),""nico""), ""us_001"", REGEXMATCH(LOWER(TRIM(N82)),""alfonso""), ""us_002"", REGEXMATCH(LOWER(TRIM(N82)),""patxi""), ""us_003"", REGEXMATCH(LOWER(TRIM(N82)),""martin""), ""us_004"", TRUE, ""us_999"" )"),"us_003") -> us_003 | D82: =IFERROR(__xludf.DUMMYFUNCTION("""COMPUTED_VALUE"""),"us_003") -> us_003 | E82: Horeca | F82: =IFERROR(__xludf.DUMMYFUNCTION("LET( s, UPPER(TRIM(N82)), IF(REGEXMATCH(s,""CLOSED.*WON""), ""ACTIVA"", IF(REGEXMATCH(s,""CLOSED.*LOST""), ""FALLIDA"", IF(REGEXMATCH(s,""CONTACT.*NEXT.*SEASON""), ""POTENCIAL"", IF(REGEXMATCH(s,""\bLEAD\b""), ""LEAD"", IF(REGEXMATCH(s,""INTER"&"EST|POTENTIAL""), ""SEGUIMIENTO"", ""SEGUIMIENTO""))))) ) "),"SEGUIMIENTO") -> SEGUIMIENTO | G82: Placement | H82: =IFERROR(__xludf.DUMMYFUNCTION("IFS( REGEXMATCH(LOWER(TRIM(U82)),""barcelona""), ""acc_139"", REGEXMATCH(LOWER(TRIM(U82)),""madrid""), ""acc_148"", REGEXMATCH(LOWER(TRIM(U82)),""zaragoza""), ""acc_149"", REGEXMATCH(LOWER(TRIM(U82)),""ibiza""), ""acc_140"", REGEXMATCH(LOWER(TRI"&"M(U82)),""mallorca""), ""acc_140"", REGEXMATCH(LOWER(TRIM(U82)),""menorca""), ""acc_150"", TRUE, """" ) "),"acc_139") -> acc_139 | I82: Salvador Fernández | K82: Placement | L82: =IFERROR(__xludf.DUMMYFUNCTION("LET( s, UPPER(TRIM(T82)), IF(REGEXMATCH(s,""CLOSED.*WON""), ""ACTIVA"", IF(REGEXMATCH(s,""CLOSED.*LOST""), ""FALLIDA"", IF(REGEXMATCH(s,""CONTACT.*NEXT.*SEASON""), ""POTENCIAL"", IF(REGEXMATCH(s,""\bLEAD\b""), ""LEAD"", IF(REGEXMATCH(s,""INTER"&"EST|POTENTIAL""), ""SEGUIMIENTO"", ""SEGUIMIENTO""))))) ) "),"SEGUIMIENTO") -> SEGUIMIENTO | N82: =V82 -> Patxi | O82: =W82 | T82: INTERESTED | U82: Barcelona | V82: Patxi
A83: acc_082 | B83: Chica Club | C83: =IFERROR(__xludf.DUMMYFUNCTION("IFS( REGEXMATCH(LOWER(TRIM(N83)),""nico""), ""us_001"", REGEXMATCH(LOWER(TRIM(N83)),""alfonso""), ""us_002"", REGEXMATCH(LOWER(TRIM(N83)),""patxi""), ""us_003"", REGEXMATCH(LOWER(TRIM(N83)),""martin""), ""us_004"", TRUE, ""us_999"" )"),"us_003") -> us_003 | D83: =IFERROR(__xludf.DUMMYFUNCTION("""COMPUTED_VALUE"""),"us_003") -> us_003 | E83: Horeca | F83: =IFERROR(__xludf.DUMMYFUNCTION("LET( s, UPPER(TRIM(N83)), IF(REGEXMATCH(s,""CLOSED.*WON""), ""ACTIVA"", IF(REGEXMATCH(s,""CLOSED.*LOST""), ""FALLIDA"", IF(REGEXMATCH(s,""CONTACT.*NEXT.*SEASON""), ""POTENCIAL"", IF(REGEXMATCH(s,""\bLEAD\b""), ""LEAD"", IF(REGEXMATCH(s,""INTER"&"EST|POTENTIAL""), ""SEGUIMIENTO"", ""SEGUIMIENTO""))))) ) "),"SEGUIMIENTO") -> SEGUIMIENTO | G83: Placement | H83: =IFERROR(__xludf.DUMMYFUNCTION("IFS( REGEXMATCH(LOWER(TRIM(U83)),""barcelona""), ""acc_139"", REGEXMATCH(LOWER(TRIM(U83)),""madrid""), ""acc_148"", REGEXMATCH(LOWER(TRIM(U83)),""zaragoza""), ""acc_149"", REGEXMATCH(LOWER(TRIM(U83)),""ibiza""), ""acc_140"", REGEXMATCH(LOWER(TRI"&"M(U83)),""mallorca""), ""acc_140"", REGEXMATCH(LOWER(TRIM(U83)),""menorca""), ""acc_150"", TRUE, """" ) "),"acc_139") -> acc_139 | I83: Salvador Fernández | K83: Placement | L83: =IFERROR(__xludf.DUMMYFUNCTION("LET( s, UPPER(TRIM(T83)), IF(REGEXMATCH(s,""CLOSED.*WON""), ""ACTIVA"", IF(REGEXMATCH(s,""CLOSED.*LOST""), ""FALLIDA"", IF(REGEXMATCH(s,""CONTACT.*NEXT.*SEASON""), ""POTENCIAL"", IF(REGEXMATCH(s,""\bLEAD\b""), ""LEAD"", IF(REGEXMATCH(s,""INTER"&"EST|POTENTIAL""), ""SEGUIMIENTO"", ""SEGUIMIENTO""))))) ) "),"SEGUIMIENTO") -> SEGUIMIENTO | N83: =V83 -> Patxi | O83: =W83 | T83: NEGOTATION | U83: Barcelona | V83: Patxi
A84: acc_083 | B84: Chica Beach | C84: =IFERROR(__xludf.DUMMYFUNCTION("IFS( REGEXMATCH(LOWER(TRIM(N84)),""nico""), ""us_001"", REGEXMATCH(LOWER(TRIM(N84)),""alfonso""), ""us_002"", REGEXMATCH(LOWER(TRIM(N84)),""patxi""), ""us_003"", REGEXMATCH(LOWER(TRIM(N84)),""martin""), ""us_004"", TRUE, ""us_999"" )"),"us_003") -> us_003 | D84: =IFERROR(__xludf.DUMMYFUNCTION("""COMPUTED_VALUE"""),"us_003") -> us_003 | E84: Horeca | F84: =IFERROR(__xludf.DUMMYFUNCTION("LET( s, UPPER(TRIM(N84)), IF(REGEXMATCH(s,""CLOSED.*WON""), ""ACTIVA"", IF(REGEXMATCH(s,""CLOSED.*LOST""), ""FALLIDA"", IF(REGEXMATCH(s,""CONTACT.*NEXT.*SEASON""), ""POTENCIAL"", IF(REGEXMATCH(s,""\bLEAD\b""), ""LEAD"", IF(REGEXMATCH(s,""INTER"&"EST|POTENTIAL""), ""SEGUIMIENTO"", ""SEGUIMIENTO""))))) ) "),"SEGUIMIENTO") -> SEGUIMIENTO | G84: Placement | H84: =IFERROR(__xludf.DUMMYFUNCTION("IFS( REGEXMATCH(LOWER(TRIM(U84)),""barcelona""), ""acc_139"", REGEXMATCH(LOWER(TRIM(U84)),""madrid""), ""acc_148"", REGEXMATCH(LOWER(TRIM(U84)),""zaragoza""), ""acc_149"", REGEXMATCH(LOWER(TRIM(U84)),""ibiza""), ""acc_140"", REGEXMATCH(LOWER(TRI"&"M(U84)),""mallorca""), ""acc_140"", REGEXMATCH(LOWER(TRIM(U84)),""menorca""), ""acc_150"", TRUE, """" ) "),"acc_139") -> acc_139 | I84: Salvador Fernández | K84: Placement | L84: =IFERROR(__xludf.DUMMYFUNCTION("LET( s, UPPER(TRIM(T84)), IF(REGEXMATCH(s,""CLOSED.*WON""), ""ACTIVA"", IF(REGEXMATCH(s,""CLOSED.*LOST""), ""FALLIDA"", IF(REGEXMATCH(s,""CONTACT.*NEXT.*SEASON""), ""POTENCIAL"", IF(REGEXMATCH(s,""\bLEAD\b""), ""LEAD"", IF(REGEXMATCH(s,""INTER"&"EST|POTENTIAL""), ""SEGUIMIENTO"", ""SEGUIMIENTO""))))) ) "),"SEGUIMIENTO") -> SEGUIMIENTO | N84: =V84 -> Patxi | O84: =W84 | T84: NEGOTATION | U84: Barcelona | V84: Patxi
A85: acc_084 | B85: Grupo Boia | C85: =IFERROR(__xludf.DUMMYFUNCTION("IFS( REGEXMATCH(LOWER(TRIM(N85)),""nico""), ""us_001"", REGEXMATCH(LOWER(TRIM(N85)),""alfonso""), ""us_002"", REGEXMATCH(LOWER(TRIM(N85)),""patxi""), ""us_003"", REGEXMATCH(LOWER(TRIM(N85)),""martin""), ""us_004"", TRUE, ""us_999"" )"),"us_003") -> us_003 | D85: =IFERROR(__xludf.DUMMYFUNCTION("""COMPUTED_VALUE"""),"us_003") -> us_003 | E85: Horeca | F85: =IFERROR(__xludf.DUMMYFUNCTION("LET( s, UPPER(TRIM(N85)), IF(REGEXMATCH(s,""CLOSED.*WON""), ""ACTIVA"", IF(REGEXMATCH(s,""CLOSED.*LOST""), ""FALLIDA"", IF(REGEXMATCH(s,""CONTACT.*NEXT.*SEASON""), ""POTENCIAL"", IF(REGEXMATCH(s,""\bLEAD\b""), ""LEAD"", IF(REGEXMATCH(s,""INTER"&"EST|POTENTIAL""), ""SEGUIMIENTO"", ""SEGUIMIENTO""))))) ) "),"SEGUIMIENTO") -> SEGUIMIENTO | G85: Placement | H85: =IFERROR(__xludf.DUMMYFUNCTION("IFS( REGEXMATCH(LOWER(TRIM(U85)),""barcelona""), ""acc_139"", REGEXMATCH(LOWER(TRIM(U85)),""madrid""), ""acc_148"", REGEXMATCH(LOWER(TRIM(U85)),""zaragoza""), ""acc_149"", REGEXMATCH(LOWER(TRIM(U85)),""ibiza""), ""acc_140"", REGEXMATCH(LOWER(TRI"&"M(U85)),""mallorca""), ""acc_140"", REGEXMATCH(LOWER(TRIM(U85)),""menorca""), ""acc_150"", TRUE, """" ) "),"acc_139") -> acc_139 | I85: Manel Vheli | K85: Placement | L85: =IFERROR(__xludf.DUMMYFUNCTION("LET( s, UPPER(TRIM(T85)), IF(REGEXMATCH(s,""CLOSED.*WON""), ""ACTIVA"", IF(REGEXMATCH(s,""CLOSED.*LOST""), ""FALLIDA"", IF(REGEXMATCH(s,""CONTACT.*NEXT.*SEASON""), ""POTENCIAL"", IF(REGEXMATCH(s,""\bLEAD\b""), ""LEAD"", IF(REGEXMATCH(s,""INTER"&"EST|POTENTIAL""), ""SEGUIMIENTO"", ""SEGUIMIENTO""))))) ) "),"SEGUIMIENTO") -> SEGUIMIENTO | N85: =V85 -> Patxi | O85: =W85 | T85: NEGOTATION | U85: Barcelona | V85: Patxi
A86: acc_085 | B86: candestino | C86: =IFERROR(__xludf.DUMMYFUNCTION("IFS( REGEXMATCH(LOWER(TRIM(N86)),""nico""), ""us_001"", REGEXMATCH(LOWER(TRIM(N86)),""alfonso""), ""us_002"", REGEXMATCH(LOWER(TRIM(N86)),""patxi""), ""us_003"", REGEXMATCH(LOWER(TRIM(N86)),""martin""), ""us_004"", TRUE, ""us_999"" )"),"us_003") -> us_003 | D86: =IFERROR(__xludf.DUMMYFUNCTION("""COMPUTED_VALUE"""),"us_003") -> us_003 | E86: Horeca | F86: =IFERROR(__xludf.DUMMYFUNCTION("LET( s, UPPER(TRIM(N86)), IF(REGEXMATCH(s,""CLOSED.*WON""), ""ACTIVA"", IF(REGEXMATCH(s,""CLOSED.*LOST""), ""FALLIDA"", IF(REGEXMATCH(s,""CONTACT.*NEXT.*SEASON""), ""POTENCIAL"", IF(REGEXMATCH(s,""\bLEAD\b""), ""LEAD"", IF(REGEXMATCH(s,""INTER"&"EST|POTENTIAL""), ""SEGUIMIENTO"", ""SEGUIMIENTO""))))) ) "),"SEGUIMIENTO") -> SEGUIMIENTO | G86: Placement | H86: =IFERROR(__xludf.DUMMYFUNCTION("IFS( REGEXMATCH(LOWER(TRIM(U86)),""barcelona""), ""acc_139"", REGEXMATCH(LOWER(TRIM(U86)),""madrid""), ""acc_148"", REGEXMATCH(LOWER(TRIM(U86)),""zaragoza""), ""acc_149"", REGEXMATCH(LOWER(TRIM(U86)),""ibiza""), ""acc_140"", REGEXMATCH(LOWER(TRI"&"M(U86)),""mallorca""), ""acc_140"", REGEXMATCH(LOWER(TRIM(U86)),""menorca""), ""acc_150"", TRUE, """" ) "),"acc_139") -> acc_139 | I86: Raul | K86: Placement | L86: =IFERROR(__xludf.DUMMYFUNCTION("LET( s, UPPER(TRIM(T86)), IF(REGEXMATCH(s,""CLOSED.*WON""), ""ACTIVA"", IF(REGEXMATCH(s,""CLOSED.*LOST""), ""FALLIDA"", IF(REGEXMATCH(s,""CONTACT.*NEXT.*SEASON""), ""POTENCIAL"", IF(REGEXMATCH(s,""\bLEAD\b""), ""LEAD"", IF(REGEXMATCH(s,""INTER"&"EST|POTENTIAL""), ""SEGUIMIENTO"", ""SEGUIMIENTO""))))) ) "),"SEGUIMIENTO") -> SEGUIMIENTO | N86: =V86 -> Patxi | O86: =W86 | T86: NEGOTATION | U86: Barcelona | V86: Patxi
A87: acc_086 | B87: el centro cultural | C87: =IFERROR(__xludf.DUMMYFUNCTION("IFS( REGEXMATCH(LOWER(TRIM(N87)),""nico""), ""us_001"", REGEXMATCH(LOWER(TRIM(N87)),""alfonso""), ""us_002"", REGEXMATCH(LOWER(TRIM(N87)),""patxi""), ""us_003"", REGEXMATCH(LOWER(TRIM(N87)),""martin""), ""us_004"", TRUE, ""us_999"" )"),"us_003") -> us_003 | D87: =IFERROR(__xludf.DUMMYFUNCTION("""COMPUTED_VALUE"""),"us_003") -> us_003 | E87: Horeca | F87: =IFERROR(__xludf.DUMMYFUNCTION("LET( s, UPPER(TRIM(N87)), IF(REGEXMATCH(s,""CLOSED.*WON""), ""ACTIVA"", IF(REGEXMATCH(s,""CLOSED.*LOST""), ""FALLIDA"", IF(REGEXMATCH(s,""CONTACT.*NEXT.*SEASON""), ""POTENCIAL"", IF(REGEXMATCH(s,""\bLEAD\b""), ""LEAD"", IF(REGEXMATCH(s,""INTER"&"EST|POTENTIAL""), ""SEGUIMIENTO"", ""SEGUIMIENTO""))))) ) "),"SEGUIMIENTO") -> SEGUIMIENTO | G87: Placement | H87: =IFERROR(__xludf.DUMMYFUNCTION("IFS( REGEXMATCH(LOWER(TRIM(U87)),""barcelona""), ""acc_139"", REGEXMATCH(LOWER(TRIM(U87)),""madrid""), ""acc_148"", REGEXMATCH(LOWER(TRIM(U87)),""zaragoza""), ""acc_149"", REGEXMATCH(LOWER(TRIM(U87)),""ibiza""), ""acc_140"", REGEXMATCH(LOWER(TRI"&"M(U87)),""mallorca""), ""acc_140"", REGEXMATCH(LOWER(TRIM(U87)),""menorca""), ""acc_150"", TRUE, """" ) "),"") | I87: Guillermo Martínez | K87: Placement | L87: =IFERROR(__xludf.DUMMYFUNCTION("LET( s, UPPER(TRIM(T87)), IF(REGEXMATCH(s,""CLOSED.*WON""), ""ACTIVA"", IF(REGEXMATCH(s,""CLOSED.*LOST""), ""FALLIDA"", IF(REGEXMATCH(s,""CONTACT.*NEXT.*SEASON""), ""POTENCIAL"", IF(REGEXMATCH(s,""\bLEAD\b""), ""LEAD"", IF(REGEXMATCH(s,""INTER"&"EST|POTENTIAL""), ""SEGUIMIENTO"", ""SEGUIMIENTO""))))) ) "),"SEGUIMIENTO") -> SEGUIMIENTO | N87: =V87 -> Patxi | O87: =W87 | T87: NEGOTATION | U87: Girona | V87: Patxi
A88: acc_087 | B88: La Penela | C88: =IFERROR(__xludf.DUMMYFUNCTION("IFS( REGEXMATCH(LOWER(TRIM(N88)),""nico""), ""us_001"", REGEXMATCH(LOWER(TRIM(N88)),""alfonso""), ""us_002"", REGEXMATCH(LOWER(TRIM(N88)),""patxi""), ""us_003"", REGEXMATCH(LOWER(TRIM(N88)),""martin""), ""us_004"", TRUE, ""us_999"" )"),"us_003") -> us_003 | D88: =IFERROR(__xludf.DUMMYFUNCTION("""COMPUTED_VALUE"""),"us_003") -> us_003 | E88: Horeca | F88: =IFERROR(__xludf.DUMMYFUNCTION("LET( s, UPPER(TRIM(N88)), IF(REGEXMATCH(s,""CLOSED.*WON""), ""ACTIVA"", IF(REGEXMATCH(s,""CLOSED.*LOST""), ""FALLIDA"", IF(REGEXMATCH(s,""CONTACT.*NEXT.*SEASON""), ""POTENCIAL"", IF(REGEXMATCH(s,""\bLEAD\b""), ""LEAD"", IF(REGEXMATCH(s,""INTER"&"EST|POTENTIAL""), ""SEGUIMIENTO"", ""SEGUIMIENTO""))))) ) "),"SEGUIMIENTO") -> SEGUIMIENTO | G88: Placement | H88: =IFERROR(__xludf.DUMMYFUNCTION("IFS( REGEXMATCH(LOWER(TRIM(U88)),""barcelona""), ""acc_139"", REGEXMATCH(LOWER(TRIM(U88)),""madrid""), ""acc_148"", REGEXMATCH(LOWER(TRIM(U88)),""zaragoza""), ""acc_149"", REGEXMATCH(LOWER(TRIM(U88)),""ibiza""), ""acc_140"", REGEXMATCH(LOWER(TRI"&"M(U88)),""mallorca""), ""acc_140"", REGEXMATCH(LOWER(TRIM(U88)),""menorca""), ""acc_150"", TRUE, """" ) "),"acc_139") -> acc_139 | K88: Placement | L88: =IFERROR(__xludf.DUMMYFUNCTION("LET( s, UPPER(TRIM(T88)), IF(REGEXMATCH(s,""CLOSED.*WON""), ""ACTIVA"", IF(REGEXMATCH(s,""CLOSED.*LOST""), ""FALLIDA"", IF(REGEXMATCH(s,""CONTACT.*NEXT.*SEASON""), ""POTENCIAL"", IF(REGEXMATCH(s,""\bLEAD\b""), ""LEAD"", IF(REGEXMATCH(s,""INTER"&"EST|POTENTIAL""), ""SEGUIMIENTO"", ""SEGUIMIENTO""))))) ) "),"SEGUIMIENTO") -> SEGUIMIENTO | N88: =V88 -> Patxi | O88: =W88 | T88: NEGOTATION | U88: Barcelona | V88: Patxi
A89: acc_088 | B89: Aurea | C89: =IFERROR(__xludf.DUMMYFUNCTION("IFS( REGEXMATCH(LOWER(TRIM(N89)),""nico""), ""us_001"", REGEXMATCH(LOWER(TRIM(N89)),""alfonso""), ""us_002"", REGEXMATCH(LOWER(TRIM(N89)),""patxi""), ""us_003"", REGEXMATCH(LOWER(TRIM(N89)),""martin""), ""us_004"", TRUE, ""us_999"" )"),"us_003") -> us_003 | D89: =IFERROR(__xludf.DUMMYFUNCTION("""COMPUTED_VALUE"""),"us_003") -> us_003 | E89: Horeca | F89: =IFERROR(__xludf.DUMMYFUNCTION("LET( s, UPPER(TRIM(N89)), IF(REGEXMATCH(s,""CLOSED.*WON""), ""ACTIVA"", IF(REGEXMATCH(s,""CLOSED.*LOST""), ""FALLIDA"", IF(REGEXMATCH(s,""CONTACT.*NEXT.*SEASON""), ""POTENCIAL"", IF(REGEXMATCH(s,""\bLEAD\b""), ""LEAD"", IF(REGEXMATCH(s,""INTER"&"EST|POTENTIAL""), ""SEGUIMIENTO"", ""SEGUIMIENTO""))))) ) "),"SEGUIMIENTO") -> SEGUIMIENTO | G89: Placement | H89: =IFERROR(__xludf.DUMMYFUNCTION("IFS( REGEXMATCH(LOWER(TRIM(U89)),""barcelona""), ""acc_139"", REGEXMATCH(LOWER(TRIM(U89)),""madrid""), ""acc_148"", REGEXMATCH(LOWER(TRIM(U89)),""zaragoza""), ""acc_149"", REGEXMATCH(LOWER(TRIM(U89)),""ibiza""), ""acc_140"", REGEXMATCH(LOWER(TRI"&"M(U89)),""mallorca""), ""acc_140"", REGEXMATCH(LOWER(TRIM(U89)),""menorca""), ""acc_150"", TRUE, """" ) "),"acc_139") -> acc_139 | K89: Placement | L89: =IFERROR(__xludf.DUMMYFUNCTION("LET( s, UPPER(TRIM(T89)), IF(REGEXMATCH(s,""CLOSED.*WON""), ""ACTIVA"", IF(REGEXMATCH(s,""CLOSED.*LOST""), ""FALLIDA"", IF(REGEXMATCH(s,""CONTACT.*NEXT.*SEASON""), ""POTENCIAL"", IF(REGEXMATCH(s,""\bLEAD\b""), ""LEAD"", IF(REGEXMATCH(s,""INTER"&"EST|POTENTIAL""), ""SEGUIMIENTO"", ""SEGUIMIENTO""))))) ) "),"SEGUIMIENTO") -> SEGUIMIENTO | N89: =V89 -> Patxi | O89: =W89 | T89: NEGOTATION | U89: Barcelona | V89: Patxi
A90: acc_089 | B90: Akangas | C90: =IFERROR(__xludf.DUMMYFUNCTION("IFS( REGEXMATCH(LOWER(TRIM(N90)),""nico""), ""us_001"", REGEXMATCH(LOWER(TRIM(N90)),""alfonso""), ""us_002"", REGEXMATCH(LOWER(TRIM(N90)),""patxi""), ""us_003"", REGEXMATCH(LOWER(TRIM(N90)),""martin""), ""us_004"", TRUE, ""us_999"" )"),"us_001") -> us_001 | D90: =IFERROR(__xludf.DUMMYFUNCTION("""COMPUTED_VALUE"""),"us_001") -> us_001 | E90: Horeca | F90: =IFERROR(__xludf.DUMMYFUNCTION("LET( s, UPPER(TRIM(N90)), IF(REGEXMATCH(s,""CLOSED.*WON""), ""ACTIVA"", IF(REGEXMATCH(s,""CLOSED.*LOST""), ""FALLIDA"", IF(REGEXMATCH(s,""CONTACT.*NEXT.*SEASON""), ""POTENCIAL"", IF(REGEXMATCH(s,""\bLEAD\b""), ""LEAD"", IF(REGEXMATCH(s,""INTER"&"EST|POTENTIAL""), ""SEGUIMIENTO"", ""SEGUIMIENTO""))))) ) "),"SEGUIMIENTO") -> SEGUIMIENTO | G90: Placement | H90: =IFERROR(__xludf.DUMMYFUNCTION("IFS( REGEXMATCH(LOWER(TRIM(U90)),""barcelona""), ""acc_139"", REGEXMATCH(LOWER(TRIM(U90)),""madrid""), ""acc_148"", REGEXMATCH(LOWER(TRIM(U90)),""zaragoza""), ""acc_149"", REGEXMATCH(LOWER(TRIM(U90)),""ibiza""), ""acc_140"", REGEXMATCH(LOWER(TRI"&"M(U90)),""mallorca""), ""acc_140"", REGEXMATCH(LOWER(TRIM(U90)),""menorca""), ""acc_150"", TRUE, """" ) "),"acc_148") -> acc_148 | K90: Placement | L90: =IFERROR(__xludf.DUMMYFUNCTION("LET( s, UPPER(TRIM(T90)), IF(REGEXMATCH(s,""CLOSED.*WON""), ""ACTIVA"", IF(REGEXMATCH(s,""CLOSED.*LOST""), ""FALLIDA"", IF(REGEXMATCH(s,""CONTACT.*NEXT.*SEASON""), ""POTENCIAL"", IF(REGEXMATCH(s,""\bLEAD\b""), ""LEAD"", IF(REGEXMATCH(s,""INTER"&"EST|POTENTIAL""), ""SEGUIMIENTO"", ""SEGUIMIENTO""))))) ) "),"SEGUIMIENTO") -> SEGUIMIENTO | N90: =V90 -> Nico | O90: =W90 | S90: FALSE | T90: SCHEDULE APPOINTMENT | U90: Madrid | V90: Nico
A91: acc_090 | B91: Cafe Pino | C91: =IFERROR(__xludf.DUMMYFUNCTION("IFS( REGEXMATCH(LOWER(TRIM(N91)),""nico""), ""us_001"", REGEXMATCH(LOWER(TRIM(N91)),""alfonso""), ""us_002"", REGEXMATCH(LOWER(TRIM(N91)),""patxi""), ""us_003"", REGEXMATCH(LOWER(TRIM(N91)),""martin""), ""us_004"", TRUE, ""us_999"" )"),"us_001") -> us_001 | D91: =IFERROR(__xludf.DUMMYFUNCTION("""COMPUTED_VALUE"""),"us_001") -> us_001 | E91: Horeca | F91: =IFERROR(__xludf.DUMMYFUNCTION("LET( s, UPPER(TRIM(N91)), IF(REGEXMATCH(s,""CLOSED.*WON""), ""ACTIVA"", IF(REGEXMATCH(s,""CLOSED.*LOST""), ""FALLIDA"", IF(REGEXMATCH(s,""CONTACT.*NEXT.*SEASON""), ""POTENCIAL"", IF(REGEXMATCH(s,""\bLEAD\b""), ""LEAD"", IF(REGEXMATCH(s,""INTER"&"EST|POTENTIAL""), ""SEGUIMIENTO"", ""SEGUIMIENTO""))))) ) "),"SEGUIMIENTO") -> SEGUIMIENTO | G91: Placement | H91: =IFERROR(__xludf.DUMMYFUNCTION("IFS( REGEXMATCH(LOWER(TRIM(U91)),""barcelona""), ""acc_139"", REGEXMATCH(LOWER(TRIM(U91)),""madrid""), ""acc_148"", REGEXMATCH(LOWER(TRIM(U91)),""zaragoza""), ""acc_149"", REGEXMATCH(LOWER(TRIM(U91)),""ibiza""), ""acc_140"", REGEXMATCH(LOWER(TRI"&"M(U91)),""mallorca""), ""acc_140"", REGEXMATCH(LOWER(TRIM(U91)),""menorca""), ""acc_150"", TRUE, """" ) "),"acc_148") -> acc_148 | K91: Placement | L91: =IFERROR(__xludf.DUMMYFUNCTION("LET( s, UPPER(TRIM(T91)), IF(REGEXMATCH(s,""CLOSED.*WON""), ""ACTIVA"", IF(REGEXMATCH(s,""CLOSED.*LOST""), ""FALLIDA"", IF(REGEXMATCH(s,""CONTACT.*NEXT.*SEASON""), ""POTENCIAL"", IF(REGEXMATCH(s,""\bLEAD\b""), ""LEAD"", IF(REGEXMATCH(s,""INTER"&"EST|POTENTIAL""), ""SEGUIMIENTO"", ""SEGUIMIENTO""))))) ) "),"SEGUIMIENTO") -> SEGUIMIENTO | N91: =V91 -> Nico | O91: =W91 | S91: FALSE | T91: SCHEDULE APPOINTMENT | U91: Madrid | V91: Nico
A92: acc_091 | B92: Ke Sotogrande | C92: =IFERROR(__xludf.DUMMYFUNCTION("IFS( REGEXMATCH(LOWER(TRIM(N92)),""nico""), ""us_001"", REGEXMATCH(LOWER(TRIM(N92)),""alfonso""), ""us_002"", REGEXMATCH(LOWER(TRIM(N92)),""patxi""), ""us_003"", REGEXMATCH(LOWER(TRIM(N92)),""martin""), ""us_004"", TRUE, ""us_999"" )"),"us_001") -> us_001 | D92: =IFERROR(__xludf.DUMMYFUNCTION("""COMPUTED_VALUE"""),"us_001") -> us_001 | E92: Horeca | F92: =IFERROR(__xludf.DUMMYFUNCTION("LET( s, UPPER(TRIM(N92)), IF(REGEXMATCH(s,""CLOSED.*WON""), ""ACTIVA"", IF(REGEXMATCH(s,""CLOSED.*LOST""), ""FALLIDA"", IF(REGEXMATCH(s,""CONTACT.*NEXT.*SEASON""), ""POTENCIAL"", IF(REGEXMATCH(s,""\bLEAD\b""), ""LEAD"", IF(REGEXMATCH(s,""INTER"&"EST|POTENTIAL""), ""SEGUIMIENTO"", ""SEGUIMIENTO""))))) ) "),"SEGUIMIENTO") -> SEGUIMIENTO | G92: Placement | H92: =IFERROR(__xludf.DUMMYFUNCTION("IFS( REGEXMATCH(LOWER(TRIM(U92)),""barcelona""), ""acc_139"", REGEXMATCH(LOWER(TRIM(U92)),""madrid""), ""acc_148"", REGEXMATCH(LOWER(TRIM(U92)),""zaragoza""), ""acc_149"", REGEXMATCH(LOWER(TRIM(U92)),""ibiza""), ""acc_140"", REGEXMATCH(LOWER(TRI"&"M(U92)),""mallorca""), ""acc_140"", REGEXMATCH(LOWER(TRIM(U92)),""menorca""), ""acc_150"", TRUE, """" ) "),"acc_148") -> acc_148 | K92: Placement | L92: =IFERROR(__xludf.DUMMYFUNCTION("LET( s, UPPER(TRIM(T92)), IF(REGEXMATCH(s,""CLOSED.*WON""), ""ACTIVA"", IF(REGEXMATCH(s,""CLOSED.*LOST""), ""FALLIDA"", IF(REGEXMATCH(s,""CONTACT.*NEXT.*SEASON""), ""POTENCIAL"", IF(REGEXMATCH(s,""\bLEAD\b""), ""LEAD"", IF(REGEXMATCH(s,""INTER"&"EST|POTENTIAL""), ""SEGUIMIENTO"", ""SEGUIMIENTO""))))) ) "),"SEGUIMIENTO") -> SEGUIMIENTO | N92: =V92 -> Nico | O92: =W92 | S92: FALSE | T92: INTERESTED | U92: Madrid | V92: Nico
A93: acc_092 | B93: Formage | C93: =IFERROR(__xludf.DUMMYFUNCTION("IFS( REGEXMATCH(LOWER(TRIM(N93)),""nico""), ""us_001"", REGEXMATCH(LOWER(TRIM(N93)),""alfonso""), ""us_002"", REGEXMATCH(LOWER(TRIM(N93)),""patxi""), ""us_003"", REGEXMATCH(LOWER(TRIM(N93)),""martin""), ""us_004"", TRUE, ""us_999"" )"),"us_001") -> us_001 | D93: =IFERROR(__xludf.DUMMYFUNCTION("""COMPUTED_VALUE"""),"us_001") -> us_001 | E93: Horeca | F93: =IFERROR(__xludf.DUMMYFUNCTION("LET( s, UPPER(TRIM(N93)), IF(REGEXMATCH(s,""CLOSED.*WON""), ""ACTIVA"", IF(REGEXMATCH(s,""CLOSED.*LOST""), ""FALLIDA"", IF(REGEXMATCH(s,""CONTACT.*NEXT.*SEASON""), ""POTENCIAL"", IF(REGEXMATCH(s,""\bLEAD\b""), ""LEAD"", IF(REGEXMATCH(s,""INTER"&"EST|POTENTIAL""), ""SEGUIMIENTO"", ""SEGUIMIENTO""))))) ) "),"SEGUIMIENTO") -> SEGUIMIENTO | G93: Placement | H93: =IFERROR(__xludf.DUMMYFUNCTION("IFS( REGEXMATCH(LOWER(TRIM(U93)),""barcelona""), ""acc_139"", REGEXMATCH(LOWER(TRIM(U93)),""madrid""), ""acc_148"", REGEXMATCH(LOWER(TRIM(U93)),""zaragoza""), ""acc_149"", REGEXMATCH(LOWER(TRIM(U93)),""ibiza""), ""acc_140"", REGEXMATCH(LOWER(TRI"&"M(U93)),""mallorca""), ""acc_140"", REGEXMATCH(LOWER(TRIM(U93)),""menorca""), ""acc_150"", TRUE, """" ) "),"acc_148") -> acc_148 | I93: Adrian Pellejo | K93: Placement | L93: =IFERROR(__xludf.DUMMYFUNCTION("LET( s, UPPER(TRIM(T93)), IF(REGEXMATCH(s,""CLOSED.*WON""), ""ACTIVA"", IF(REGEXMATCH(s,""CLOSED.*LOST""), ""FALLIDA"", IF(REGEXMATCH(s,""CONTACT.*NEXT.*SEASON""), ""POTENCIAL"", IF(REGEXMATCH(s,""\bLEAD\b""), ""LEAD"", IF(REGEXMATCH(s,""INTER"&"EST|POTENTIAL""), ""SEGUIMIENTO"", ""SEGUIMIENTO""))))) ) "),"SEGUIMIENTO") -> SEGUIMIENTO | N93: =V93 -> Nico | O93: =W93 | S93: FALSE | T93: INTERESTED | U93: Madrid | V93: Nico
A94: acc_093 | B94: Supernormal | C94: =IFERROR(__xludf.DUMMYFUNCTION("IFS( REGEXMATCH(LOWER(TRIM(N94)),""nico""), ""us_001"", REGEXMATCH(LOWER(TRIM(N94)),""alfonso""), ""us_002"", REGEXMATCH(LOWER(TRIM(N94)),""patxi""), ""us_003"", REGEXMATCH(LOWER(TRIM(N94)),""martin""), ""us_004"", TRUE, ""us_999"" )"),"us_002") -> us_002 | D94: =IFERROR(__xludf.DUMMYFUNCTION("""COMPUTED_VALUE"""),"us_002") -> us_002 | E94: Horeca | F94: =IFERROR(__xludf.DUMMYFUNCTION("LET( s, UPPER(TRIM(N94)), IF(REGEXMATCH(s,""CLOSED.*WON""), ""ACTIVA"", IF(REGEXMATCH(s,""CLOSED.*LOST""), ""FALLIDA"", IF(REGEXMATCH(s,""CONTACT.*NEXT.*SEASON""), ""POTENCIAL"", IF(REGEXMATCH(s,""\bLEAD\b""), ""LEAD"", IF(REGEXMATCH(s,""INTER"&"EST|POTENTIAL""), ""SEGUIMIENTO"", ""SEGUIMIENTO""))))) ) "),"SEGUIMIENTO") -> SEGUIMIENTO | G94: Placement | H94: =IFERROR(__xludf.DUMMYFUNCTION("IFS( REGEXMATCH(LOWER(TRIM(U94)),""barcelona""), ""acc_139"", REGEXMATCH(LOWER(TRIM(U94)),""madrid""), ""acc_148"", REGEXMATCH(LOWER(TRIM(U94)),""zaragoza""), ""acc_149"", REGEXMATCH(LOWER(TRIM(U94)),""ibiza""), ""acc_140"", REGEXMATCH(LOWER(TRI"&"M(U94)),""mallorca""), ""acc_140"", REGEXMATCH(LOWER(TRIM(U94)),""menorca""), ""acc_150"", TRUE, """" ) "),"") | I94: Chiara | K94: Placement | L94: =IFERROR(__xludf.DUMMYFUNCTION("LET( s, UPPER(TRIM(T94)), IF(REGEXMATCH(s,""CLOSED.*WON""), ""ACTIVA"", IF(REGEXMATCH(s,""CLOSED.*LOST""), ""FALLIDA"", IF(REGEXMATCH(s,""CONTACT.*NEXT.*SEASON""), ""POTENCIAL"", IF(REGEXMATCH(s,""\bLEAD\b""), ""LEAD"", IF(REGEXMATCH(s,""INTER"&"EST|POTENTIAL""), ""SEGUIMIENTO"", ""SEGUIMIENTO""))))) ) "),"SEGUIMIENTO") -> SEGUIMIENTO | N94: =V94 -> Alfonso | O94: =W94 | T94: SCHEDULE APPOINTMENT | U94: Anadalucía | V94: Alfonso
A95: acc_094 | B95: Vinology | C95: =IFERROR(__xludf.DUMMYFUNCTION("IFS( REGEXMATCH(LOWER(TRIM(N95)),""nico""), ""us_001"", REGEXMATCH(LOWER(TRIM(N95)),""alfonso""), ""us_002"", REGEXMATCH(LOWER(TRIM(N95)),""patxi""), ""us_003"", REGEXMATCH(LOWER(TRIM(N95)),""martin""), ""us_004"", TRUE, ""us_999"" )"),"us_001") -> us_001 | D95: =IFERROR(__xludf.DUMMYFUNCTION("""COMPUTED_VALUE"""),"us_001") -> us_001 | E95: Horeca | F95: =IFERROR(__xludf.DUMMYFUNCTION("LET( s, UPPER(TRIM(N95)), IF(REGEXMATCH(s,""CLOSED.*WON""), ""ACTIVA"", IF(REGEXMATCH(s,""CLOSED.*LOST""), ""FALLIDA"", IF(REGEXMATCH(s,""CONTACT.*NEXT.*SEASON""), ""POTENCIAL"", IF(REGEXMATCH(s,""\bLEAD\b""), ""LEAD"", IF(REGEXMATCH(s,""INTER"&"EST|POTENTIAL""), ""SEGUIMIENTO"", ""SEGUIMIENTO""))))) ) "),"SEGUIMIENTO") -> SEGUIMIENTO | G95: Placement | H95: =IFERROR(__xludf.DUMMYFUNCTION("IFS( REGEXMATCH(LOWER(TRIM(U95)),""barcelona""), ""acc_139"", REGEXMATCH(LOWER(TRIM(U95)),""madrid""), ""acc_148"", REGEXMATCH(LOWER(TRIM(U95)),""zaragoza""), ""acc_149"", REGEXMATCH(LOWER(TRIM(U95)),""ibiza""), ""acc_140"", REGEXMATCH(LOWER(TRI"&"M(U95)),""mallorca""), ""acc_140"", REGEXMATCH(LOWER(TRIM(U95)),""menorca""), ""acc_150"", TRUE, """" ) "),"acc_148") -> acc_148 | I95: Somelier Mateo | K95: Placement | L95: =IFERROR(__xludf.DUMMYFUNCTION("LET( s, UPPER(TRIM(T95)), IF(REGEXMATCH(s,""CLOSED.*WON""), ""ACTIVA"", IF(REGEXMATCH(s,""CLOSED.*LOST""), ""FALLIDA"", IF(REGEXMATCH(s,""CONTACT.*NEXT.*SEASON""), ""POTENCIAL"", IF(REGEXMATCH(s,""\bLEAD\b""), ""LEAD"", IF(REGEXMATCH(s,""INTER"&"EST|POTENTIAL""), ""SEGUIMIENTO"", ""SEGUIMIENTO""))))) ) "),"SEGUIMIENTO") -> SEGUIMIENTO | N95: =V95 -> Nico | O95: =W95 | S95: FALSE | T95: SCHEDULE APPOINTMENT | U95: Madrid | V95: Nico
A96: acc_095 | B96: Ingo | C96: =IFERROR(__xludf.DUMMYFUNCTION("IFS( REGEXMATCH(LOWER(TRIM(N96)),""nico""), ""us_001"", REGEXMATCH(LOWER(TRIM(N96)),""alfonso""), ""us_002"", REGEXMATCH(LOWER(TRIM(N96)),""patxi""), ""us_003"", REGEXMATCH(LOWER(TRIM(N96)),""martin""), ""us_004"", TRUE, ""us_999"" )"),"us_001") -> us_001 | D96: =IFERROR(__xludf.DUMMYFUNCTION("""COMPUTED_VALUE"""),"us_001") -> us_001 | E96: Horeca | F96: =IFERROR(__xludf.DUMMYFUNCTION("LET( s, UPPER(TRIM(N96)), IF(REGEXMATCH(s,""CLOSED.*WON""), ""ACTIVA"", IF(REGEXMATCH(s,""CLOSED.*LOST""), ""FALLIDA"", IF(REGEXMATCH(s,""CONTACT.*NEXT.*SEASON""), ""POTENCIAL"", IF(REGEXMATCH(s,""\bLEAD\b""), ""LEAD"", IF(REGEXMATCH(s,""INTER"&"EST|POTENTIAL""), ""SEGUIMIENTO"", ""SEGUIMIENTO""))))) ) "),"SEGUIMIENTO") -> SEGUIMIENTO | G96: Placement | H96: =IFERROR(__xludf.DUMMYFUNCTION("IFS( REGEXMATCH(LOWER(TRIM(U96)),""barcelona""), ""acc_139"", REGEXMATCH(LOWER(TRIM(U96)),""madrid""), ""acc_148"", REGEXMATCH(LOWER(TRIM(U96)),""zaragoza""), ""acc_149"", REGEXMATCH(LOWER(TRIM(U96)),""ibiza""), ""acc_140"", REGEXMATCH(LOWER(TRI"&"M(U96)),""mallorca""), ""acc_140"", REGEXMATCH(LOWER(TRIM(U96)),""menorca""), ""acc_150"", TRUE, """" ) "),"acc_148") -> acc_148 | I96: Cajas | K96: Placement | L96: =IFERROR(__xludf.DUMMYFUNCTION("LET( s, UPPER(TRIM(T96)), IF(REGEXMATCH(s,""CLOSED.*WON""), ""ACTIVA"", IF(REGEXMATCH(s,""CLOSED.*LOST""), ""FALLIDA"", IF(REGEXMATCH(s,""CONTACT.*NEXT.*SEASON""), ""POTENCIAL"", IF(REGEXMATCH(s,""\bLEAD\b""), ""LEAD"", IF(REGEXMATCH(s,""INTER"&"EST|POTENTIAL""), ""SEGUIMIENTO"", ""SEGUIMIENTO""))))) ) "),"SEGUIMIENTO") -> SEGUIMIENTO | N96: =V96 -> Nico | O96: =W96 -> 6 cajas | S96: FALSE | T96: SCHEDULE APPOINTMENT | U96: Madrid | V96: Nico | W96: 6 cajas
A97: acc_096 | B97: El Enemigo tienda | C97: =IFERROR(__xludf.DUMMYFUNCTION("IFS( REGEXMATCH(LOWER(TRIM(N97)),""nico""), ""us_001"", REGEXMATCH(LOWER(TRIM(N97)),""alfonso""), ""us_002"", REGEXMATCH(LOWER(TRIM(N97)),""patxi""), ""us_003"", REGEXMATCH(LOWER(TRIM(N97)),""martin""), ""us_004"", TRUE, ""us_999"" )"),"us_001") -> us_001 | D97: =IFERROR(__xludf.DUMMYFUNCTION("""COMPUTED_VALUE"""),"us_001") -> us_001 | E97: Horeca | F97: =IFERROR(__xludf.DUMMYFUNCTION("LET( s, UPPER(TRIM(N97)), IF(REGEXMATCH(s,""CLOSED.*WON""), ""ACTIVA"", IF(REGEXMATCH(s,""CLOSED.*LOST""), ""FALLIDA"", IF(REGEXMATCH(s,""CONTACT.*NEXT.*SEASON""), ""POTENCIAL"", IF(REGEXMATCH(s,""\bLEAD\b""), ""LEAD"", IF(REGEXMATCH(s,""INTER"&"EST|POTENTIAL""), ""SEGUIMIENTO"", ""SEGUIMIENTO""))))) ) "),"SEGUIMIENTO") -> SEGUIMIENTO | G97: Placement | H97: =IFERROR(__xludf.DUMMYFUNCTION("IFS( REGEXMATCH(LOWER(TRIM(U97)),""barcelona""), ""acc_139"", REGEXMATCH(LOWER(TRIM(U97)),""madrid""), ""acc_148"", REGEXMATCH(LOWER(TRIM(U97)),""zaragoza""), ""acc_149"", REGEXMATCH(LOWER(TRIM(U97)),""ibiza""), ""acc_140"", REGEXMATCH(LOWER(TRI"&"M(U97)),""mallorca""), ""acc_140"", REGEXMATCH(LOWER(TRIM(U97)),""menorca""), ""acc_150"", TRUE, """" ) "),"acc_148") -> acc_148 | I97: Juan Ortiz | K97: Placement | L97: =IFERROR(__xludf.DUMMYFUNCTION("LET( s, UPPER(TRIM(T97)), IF(REGEXMATCH(s,""CLOSED.*WON""), ""ACTIVA"", IF(REGEXMATCH(s,""CLOSED.*LOST""), ""FALLIDA"", IF(REGEXMATCH(s,""CONTACT.*NEXT.*SEASON""), ""POTENCIAL"", IF(REGEXMATCH(s,""\bLEAD\b""), ""LEAD"", IF(REGEXMATCH(s,""INTER"&"EST|POTENTIAL""), ""SEGUIMIENTO"", ""SEGUIMIENTO""))))) ) "),"SEGUIMIENTO") -> SEGUIMIENTO | M97: 45879 | N97: =V97 -> Nico | O97: =W97 -> 2 cajas (1+1) | S97: FALSE | T97: SCHEDULE APPOINTMENT | U97: Madrid | V97: Nico | W97: 2 cajas (1+1)
A98: acc_097 | B98: Pecaditos | C98: =IFERROR(__xludf.DUMMYFUNCTION("IFS( REGEXMATCH(LOWER(TRIM(N98)),""nico""), ""us_001"", REGEXMATCH(LOWER(TRIM(N98)),""alfonso""), ""us_002"", REGEXMATCH(LOWER(TRIM(N98)),""patxi""), ""us_003"", REGEXMATCH(LOWER(TRIM(N98)),""martin""), ""us_004"", TRUE, ""us_999"" )"),"us_002") -> us_002 | D98: =IFERROR(__xludf.DUMMYFUNCTION("""COMPUTED_VALUE"""),"us_002") -> us_002 | E98: Horeca | F98: =IFERROR(__xludf.DUMMYFUNCTION("LET( s, UPPER(TRIM(N98)), IF(REGEXMATCH(s,""CLOSED.*WON""), ""ACTIVA"", IF(REGEXMATCH(s,""CLOSED.*LOST""), ""FALLIDA"", IF(REGEXMATCH(s,""CONTACT.*NEXT.*SEASON""), ""POTENCIAL"", IF(REGEXMATCH(s,""\bLEAD\b""), ""LEAD"", IF(REGEXMATCH(s,""INTER"&"EST|POTENTIAL""), ""SEGUIMIENTO"", ""SEGUIMIENTO""))))) ) "),"SEGUIMIENTO") -> SEGUIMIENTO | G98: Placement | H98: =IFERROR(__xludf.DUMMYFUNCTION("IFS( REGEXMATCH(LOWER(TRIM(U98)),""barcelona""), ""acc_139"", REGEXMATCH(LOWER(TRIM(U98)),""madrid""), ""acc_148"", REGEXMATCH(LOWER(TRIM(U98)),""zaragoza""), ""acc_149"", REGEXMATCH(LOWER(TRIM(U98)),""ibiza""), ""acc_140"", REGEXMATCH(LOWER(TRI"&"M(U98)),""mallorca""), ""acc_140"", REGEXMATCH(LOWER(TRIM(U98)),""menorca""), ""acc_150"", TRUE, """" ) "),"acc_148") -> acc_148 | I98: Alberto Sancho | K98: Placement | L98: =IFERROR(__xludf.DUMMYFUNCTION("LET( s, UPPER(TRIM(T98)), IF(REGEXMATCH(s,""CLOSED.*WON""), ""ACTIVA"", IF(REGEXMATCH(s,""CLOSED.*LOST""), ""FALLIDA"", IF(REGEXMATCH(s,""CONTACT.*NEXT.*SEASON""), ""POTENCIAL"", IF(REGEXMATCH(s,""\bLEAD\b""), ""LEAD"", IF(REGEXMATCH(s,""INTER"&"EST|POTENTIAL""), ""SEGUIMIENTO"", ""SEGUIMIENTO""))))) ) "),"ACTIVA") -> ACTIVA | N98: =V98 -> Alfonso | O98: =W98 -> 4 cajas | S98: FALSE | T98: CLOSED / WON | U98: Madrid | V98: Alfonso | W98: 4 cajas
A99: acc_098 | B99: Richelieu | C99: =IFERROR(__xludf.DUMMYFUNCTION("IFS( REGEXMATCH(LOWER(TRIM(N99)),""nico""), ""us_001"", REGEXMATCH(LOWER(TRIM(N99)),""alfonso""), ""us_002"", REGEXMATCH(LOWER(TRIM(N99)),""patxi""), ""us_003"", REGEXMATCH(LOWER(TRIM(N99)),""martin""), ""us_004"", TRUE, ""us_999"" )"),"us_002") -> us_002 | D99: =IFERROR(__xludf.DUMMYFUNCTION("""COMPUTED_VALUE"""),"us_002") -> us_002 | E99: Horeca | F99: =IFERROR(__xludf.DUMMYFUNCTION("LET( s, UPPER(TRIM(N99)), IF(REGEXMATCH(s,""CLOSED.*WON""), ""ACTIVA"", IF(REGEXMATCH(s,""CLOSED.*LOST""), ""FALLIDA"", IF(REGEXMATCH(s,""CONTACT.*NEXT.*SEASON""), ""POTENCIAL"", IF(REGEXMATCH(s,""\bLEAD\b""), ""LEAD"", IF(REGEXMATCH(s,""INTER"&"EST|POTENTIAL""), ""SEGUIMIENTO"", ""SEGUIMIENTO""))))) ) "),"SEGUIMIENTO") -> SEGUIMIENTO | G99: Placement | H99: =IFERROR(__xludf.DUMMYFUNCTION("IFS( REGEXMATCH(LOWER(TRIM(U99)),""barcelona""), ""acc_139"", REGEXMATCH(LOWER(TRIM(U99)),""madrid""), ""acc_148"", REGEXMATCH(LOWER(TRIM(U99)),""zaragoza""), ""acc_149"", REGEXMATCH(LOWER(TRIM(U99)),""ibiza""), ""acc_140"", REGEXMATCH(LOWER(TRI"&"M(U99)),""mallorca""), ""acc_140"", REGEXMATCH(LOWER(TRIM(U99)),""menorca""), ""acc_150"", TRUE, """" ) "),"acc_148") -> acc_148 | I99: Juanjo | K99: Placement | L99: =IFERROR(__xludf.DUMMYFUNCTION("LET( s, UPPER(TRIM(T99)), IF(REGEXMATCH(s,""CLOSED.*WON""), ""ACTIVA"", IF(REGEXMATCH(s,""CLOSED.*LOST""), ""FALLIDA"", IF(REGEXMATCH(s,""CONTACT.*NEXT.*SEASON""), ""POTENCIAL"", IF(REGEXMATCH(s,""\bLEAD\b""), ""LEAD"", IF(REGEXMATCH(s,""INTER"&"EST|POTENTIAL""), ""SEGUIMIENTO"", ""SEGUIMIENTO""))))) ) "),"ACTIVA") -> ACTIVA | N99: =V99 -> Alfonso | O99: =W99 | S99: FALSE | T99: CLOSED / WON | U99: Madrid | V99: Alfonso
A100: acc_099 | B100: diene | C100: =IFERROR(__xludf.DUMMYFUNCTION("IFS( REGEXMATCH(LOWER(TRIM(N100)),""nico""), ""us_001"", REGEXMATCH(LOWER(TRIM(N100)),""alfonso""), ""us_002"", REGEXMATCH(LOWER(TRIM(N100)),""patxi""), ""us_003"", REGEXMATCH(LOWER(TRIM(N100)),""martin""), ""us_004"", TRUE, ""us_999"" )"),"us_003") -> us_003 | D100: =IFERROR(__xludf.DUMMYFUNCTION("""COMPUTED_VALUE"""),"us_003") -> us_003 | E100: Horeca | F100: =IFERROR(__xludf.DUMMYFUNCTION("LET( s, UPPER(TRIM(N100)), IF(REGEXMATCH(s,""CLOSED.*WON""), ""ACTIVA"", IF(REGEXMATCH(s,""CLOSED.*LOST""), ""FALLIDA"", IF(REGEXMATCH(s,""CONTACT.*NEXT.*SEASON""), ""POTENCIAL"", IF(REGEXMATCH(s,""\bLEAD\b""), ""LEAD"", IF(REGEXMATCH(s,""INTE"&"REST|POTENTIAL""), ""SEGUIMIENTO"", ""SEGUIMIENTO""))))) ) "),"SEGUIMIENTO") -> SEGUIMIENTO | G100: Placement | H100: =IFERROR(__xludf.DUMMYFUNCTION("IFS( REGEXMATCH(LOWER(TRIM(U100)),""barcelona""), ""acc_139"", REGEXMATCH(LOWER(TRIM(U100)),""madrid""), ""acc_148"", REGEXMATCH(LOWER(TRIM(U100)),""zaragoza""), ""acc_149"", REGEXMATCH(LOWER(TRIM(U100)),""ibiza""), ""acc_140"", REGEXMATCH(LOWER"&"(TRIM(U100)),""mallorca""), ""acc_140"", REGEXMATCH(LOWER(TRIM(U100)),""menorca""), ""acc_150"", TRUE, """" ) "),"acc_139") -> acc_139 | I100: Javier nieto | K100: Placement | L100: =IFERROR(__xludf.DUMMYFUNCTION("LET( s, UPPER(TRIM(T100)), IF(REGEXMATCH(s,""CLOSED.*WON""), ""ACTIVA"", IF(REGEXMATCH(s,""CLOSED.*LOST""), ""FALLIDA"", IF(REGEXMATCH(s,""CONTACT.*NEXT.*SEASON""), ""POTENCIAL"", IF(REGEXMATCH(s,""\bLEAD\b""), ""LEAD"", IF(REGEXMATCH(s,""INTE"&"REST|POTENTIAL""), ""SEGUIMIENTO"", ""SEGUIMIENTO""))))) ) "),"SEGUIMIENTO") -> SEGUIMIENTO | N100: =V100 -> Patxi | O100: =W100 | T100: INTERESTED | U100: Barcelona | V100: Patxi
...

Sheet accounts
A1: id | B1: Nombre | C1: source | D1: ownerId | E1: Segment | F1: Stage | G1: FLow | H1: distributorPartyId | I1: createdAt
A2: acc_001 | B2: Chez Pepito | C2: us_002 | D2: us_002 | E2: Horeca | F2: ACTIVA | G2: Placement | H2: acc_148
A3: acc_002 | B3: eMeBe | C3: us_001 | D3: us_001 | E3: Horeca | F3: ACTIVA | G3: Placement | H3: acc_148
A4: acc_003 | B4: Morenas | C4: us_001 | D4: us_001 | E4: Horeca | F4: ACTIVA | G4: Placement | H4: acc_148
A5: acc_004 | B5: Chakana | C5: us_001 | D5: us_001 | E5: Horeca | F5: ACTIVA | G5: Placement | H5: acc_149
A6: acc_005 | B6: El Gordo Velazquez | C6: us_001 | D6: us_001 | E6: Horeca | F6: ACTIVA | G6: Placement | H6: acc_148
A7: acc_006 | B7: Sabodiga | C7: us_003 | D7: us_003 | E7: Horeca | F7: ACTIVA | G7: Placement | H7: acc_150
A8: acc_007 | B8: Senor Bigote | C8: us_003 | D8: us_003 | E8: Horeca | F8: ACTIVA | G8: Placement | H8: acc_150
A9: acc_008 | B9: Cristanal y Gradinata | C9: us_003 | D9: us_003 | E9: Horeca | F9: ACTIVA | G9: Placement | H9: acc_150
A10: acc_009 | B10: Oysters | C10: us_003 | D10: us_003 | E10: Horeca | F10: ACTIVA | G10: Placement | H10: acc_150
A11: acc_010 | B11: Sa Tintina | C11: us_003 | D11: us_003 | E11: Horeca | F11: ACTIVA | G11: Placement | H11: acc_150
A12: acc_011 | B12: Aqui hay Tomate | C12: us_003 | D12: us_003 | E12: Horeca | F12: ACTIVA | G12: Placement | H12: acc_150
A13: acc_012 | B13: Cova den Xoroi | C13: us_003 | D13: us_003 | E13: Horeca | F13: ACTIVA | G13: Placement | H13: acc_150
... A57: acc_056 | B57: Copa de Balón | C57: us_002 | D57: us_002 | E57: Horeca | F57: SEGUIMIENTO | G57: Placement | H57: acc_148
A58: acc_057 | B58: Real Club de Golf de Sotongrande | C58: us_002 | D58: us_002 | E58: Horeca | F58: ACTIVA | G58: Placement
A59: acc_058 | B59: Wondermarket. Keila | C59: us_002 | D59: us_002 | E59: Retail | F59: SEGUIMIENTO | G59: Placement | H59: acc_148
A60: acc_059 | B60: Catering Laurel | C60: us_001 | D60: us_001 | E60: Horeca | F60: SEGUIMIENTO | G60: Placement | H60: acc_148
A61: acc_060 | B61: Sea Beach | C61: us_003 | D61: us_003 | E61: Horeca | F61: SEGUIMIENTO | G61: Placement | H61: acc_139
A62: acc_061 | B62: Grupo Hyatt | C62: us_003 | D62: us_003 | E62: Horeca | F62: SEGUIMIENTO | G62: Placement | H62: acc_140
A63: acc_062 | B63: AN Group | C63: us_003 | D63: us_003 | E63: Horeca | F63: SEGUIMIENTO | G63: Placement | H63: acc_139
A64: acc_063 | B64: Kiss chupitos | C64: us_002 | D64: us_002 | E64: Horeca | F64: SEGUIMIENTO | G64: Placement | H64: acc_148
A65: acc_064 | B65: Bokaxankla: | C65: us_002 | D65: us_002 | E65: Horeca | F65: SEGUIMIENTO | G65: Placement | H65: acc_148
A66: acc_065 | B66: Trompo | C66: us_002 | D66: us_002 | E66: Horeca | F66: SEGUIMIENTO | G66: Placement | H66: acc_148
A67: acc_066 | B67: Florida Park | C67: us_002 | D67: us_002 | E67: Horeca | F67: SEGUIMIENTO | G67: Placement | H67: acc_148
A68: acc_067 | B68: Bajío | C68: us_002 | D68: us_002 | E68: Horeca | F68: SEGUIMIENTO | G68: Placement | H68: acc_148
A69: acc_068 | B69: La Boheme | C69: us_999 | E69: Horeca | F69: SEGUIMIENTO | G69: Placement
A70: acc_069 | B70: Los Peñotes | C70: us_999 | E70: Horeca | F70: SEGUIMIENTO | G70: Placement
A71: acc_070 | B71: Ciboulet | C71: us_002 | D71: us_002 | E71: Horeca | F71: SEGUIMIENTO | G71: Placement | H71: acc_148
A72: acc_071 | B72: NH | C72: us_002 | D72: us_002 | E72: Horeca | F72: SEGUIMIENTO | G72: Placement | H72: acc_148
A73: acc_072 | B73: AC | C73: us_002 | D73: us_002 | E73: Horeca | F73: SEGUIMIENTO | G73: Placement | H73: acc_148
A74: acc_073 | B74: Café de París | C74: us_002 | D74: us_002 | E74: Horeca | F74: SEGUIMIENTO | G74: Placement | H74: acc_148
A75: acc_074 | B75: Bar Nuevo M40 | C75: us_002 | D75: us_002 | E75: Horeca | F75: SEGUIMIENTO | G75: Placement | H75: acc_148
A76: acc_075 | B76: Noname | C76: us_002 | D76: us_002 | E76: Horeca | F76: SEGUIMIENTO | G76: Placement | H76: acc_148
A77: acc_076 | B77: Liquor Store | C77: us_002 | D77: us_002 | E77: Horeca | F77: SEGUIMIENTO | G77: Placement | H77: acc_148
A78: acc_077 | B78: Fuerte Group Hotels | C78: us_002 | D78: us_002 | E78: Horeca | F78: SEGUIMIENTO | G78: Placement | H78: acc_148
A79: acc_078 | B79: 4 Latas | C79: us_002 | D79: us_002 | E79: Horeca | F79: SEGUIMIENTO | G79: Placement | H79: acc_148
A80: acc_079 | B80: new Orleans | C80: us_002 | D80: us_002 | E80: Horeca | F80: SEGUIMIENTO | G80: Placement
A81: acc_080 | B81: Boca Grande | C81: us_002 | D81: us_002 | E81: Horeca | F81: SEGUIMIENTO | G81: Placement | H81: acc_139
A82: acc_081 | B82: Boca Chica | C82: us_003 | D82: us_003 | E82: Horeca | F82: SEGUIMIENTO | G82: Placement | H82: acc_139
A83: acc_082 | B83: Chica Club | C83: us_003 | D83: us_003 | E83: Horeca | F83: SEGUIMIENTO | G83: Placement | H83: acc_139
A84: acc_083 | B84: Chica Beach | C84: us_003 | D84: us_003 | E84: Horeca | F84: SEGUIMIENTO | G84: Placement | H84: acc_139
A85: acc_084 | B85: Grupo Boia | C85: us_003 | D85: us_003 | E85: Horeca | F85: SEGUIMIENTO | G85: Placement | H85: acc_139
A86: acc_085 | B86: candestino | C86: us_003 | D86: us_003 | E86: Horeca | F86: SEGUIMIENTO | G86: Placement | H86: acc_139
A87: acc_086 | B87: el centro cultural | C87: us_003 | D87: us_003 | E87: Horeca | F87: SEGUIMIENTO | G87: Placement
A88: acc_087 | B88: La Penela | C88: us_003 | D88: us_003 | E88: Horeca | F88: SEGUIMIENTO | G88: Placement | H88: acc_139
A89: acc_088 | B89: Aurea | C89: us_003 | D89: us_003 | E89: Horeca | F89: SEGUIMIENTO | G89: Placement | H89: acc_139
A90: acc_089 | B90: Akangas | C90: us_001 | D90: us_001 | E90: Horeca | F90: SEGUIMIENTO | G90: Placement | H90: acc_148
A91: acc_090 | B91: Cafe Pino | C91: us_001 | D91: us_001 | E91: Horeca | F91: SEGUIMIENTO | G91: Placement | H91: acc_148
A92: acc_091 | B92: Ke Sotogrande | C92: us_001 | D92: us_001 | E92: Horeca | F92: SEGUIMIENTO | G92: Placement | H92: acc_148
A93: acc_092 | B93: Formage | C93: us_001 | D93: us_001 | E93: Horeca | F93: SEGUIMIENTO | G93: Placement | H93: acc_148
A94: acc_093 | B94: Supernormal | C94: us_002 | D94: us_002 | E94: Horeca | F94: SEGUIMIENTO | G94: Placement
A95: acc_094 | B95: Vinology | C95: us_001 | D95: us_001 | E95: Horeca | F95: SEGUIMIENTO | G95: Placement | H95: acc_148
A96: acc_147 | B96: Ingo Gestión de activos | C96: us_001 | D96: us_001 | E96: Horeca | F96: SEGUIMIENTO | G96: Placement | H96: acc_148
A97: acc_096 | B97: El Enemigo tienda | C97: us_001 | D97: us_001 | E97: Horeca | F97: SEGUIMIENTO | G97: Placement | H97: acc_148 | I97: 45879
A98: acc_097 | B98: Pecaditos | C98: us_002 | D98: us_002 | E98: Horeca | F98: ACTIVA | G98: Placement | H98: acc_148
A99: acc_098 | B99: Richelieu | C99: us_002 | D99: us_002 | E99: Horeca | F99: ACTIVA | G99: Placement | H99: acc_148
A100: acc_099 | B100: diene | C100: us_003 | D100: us_003 | E100: Horeca | F100: SEGUIMIENTO | G100: Placement | H100: acc_139
A101: acc_100 | B101: jane | C101: us_003 | D101: us_003 | E101: Horeca | F101: SEGUIMIENTO | G101: Placement | H101: acc_139
A102: acc_101 | B102: Nueva Taberna | C102: us_002 | D102: us_002 | E102: Horeca | F102: ACTIVA | G102: Placement | H102: acc_148
A103: acc_102 | B103: sls | C103: us_003 | D103: us_003 | E103: Horeca | F103: SEGUIMIENTO | G103: Placement | H103: acc_139
A104: acc_103 | B104: rosalia | C104: us_003 | D104: us_003 | E104: Horeca | F104: SEGUIMIENTO | G104: Placement | H104: acc_139
A105: acc_104 | B105: cooper | C105: us_003 | D105: us_003 | E105: Horeca | F105: SEGUIMIENTO | G105: Placement | H105: acc_139
A106: acc_105 | B106: catering stan | C106: us_003 | D106: us_003 | E106: Horeca | F106: SEGUIMIENTO | G106: Placement | H106: acc_139
A107: acc_106 | B107: catering la lloca | C107: us_003 | D107: us_003 | E107: Horeca | F107: SEGUIMIENTO | G107: Placement | H107: acc_139
A108: acc_107 | B108: la dama | C108: us_003 | D108: us_003 | E108: Horeca | F108: POTENCIAL | G108: Placement | H108: acc_139
A109: acc_108 | B109: feroz | C109: us_003 | D109: us_003 | E109: Horeca | F109: POTENCIAL | G109: Placement | H109: acc_139
... A118: acc_117 | B118: Ana Rey Catering y tienda | C118: us_002 | D118: us_002 | E118: Horeca | F118: ACTIVA | G118: Placement | H118: acc_148
A119: acc_118 | B119: 100% Mexico | C119: us_001 | D119: us_001 | E119: Horeca | F119: ACTIVA | G119: Placement | H119: acc_148 | I119: 45881
A120: acc_119 | B120: sea sea beach | C120: us_003 | D120: us_003 | E120: Horeca | F120: ACTIVA | G120: Placement | H120: acc_139
A121: acc_120 | B121: coctel sunsrise | C121: us_003 | D121: us_003 | E121: Horeca | F121: ACTIVA | G121: Placement
A122: acc_121 | B122: santeria | C122: us_003 | D122: us_003 | E122: Horeca | F122: ACTIVA | G122: Placement | H122: acc_140
A123: acc_122 | B123: tienda stoo | C123: us_003 | D123: us_003 | E123: Horeca | F123: ACTIVA | G123: Placement | H123: acc_140
A124: acc_123 | B124: Uval | C124: us_002 | D124: us_002 | E124: Horeca | F124: ACTIVA | G124: Placement | H124: acc_148 | I124: 45919
A125: acc_124 | B125: La Rotonda de Mirasierra | C125: us_002 | D125: us_002 | E125: Horeca | F125: ACTIVA | G125: Placement | H125: acc_148 | I125: 45919
A126: acc_125 | B126: Il Patisiere | C126: us_002 | D126: us_002 | E126: Horeca | F126: ACTIVA | G126: Placement | H126: acc_148 | I126: 45919
A127: acc_126 | B127: Taste of America Retiro | C127: us_001 | D127: us_001 | E127: Horeca | F127: ACTIVA | G127: Placement | H127: acc_148 | I127: 45917
A128: acc_127 | B128: Le Clab | C128: us_001 | D128: us_001 | E128: Horeca | F128: ACTIVA | G128: Placement | H128: acc_148 | I128: 45916
A129: acc_128 | B129: Verso Y Veta | C129: us_001 | D129: us_001 | E129: Horeca | F129: ACTIVA | G129: Placement | H129: acc_148 | I129: 45929
A130: acc_129 | B130: Taste of America Chueca | C130: us_001 | D130: us_001 | E130: Horeca | F130: ACTIVA | G130: Placement | H130: acc_148 | I130: 45917
A131: acc_130 | B131: Donde Mónica | C131: us_002 | D131: us_002 | E131: Horeca | F131: SEGUIMIENTO | G131: Placement | H131: acc_148
A132: acc_131 | B132: Grupo Oter | E132: Horeca | F132: SEGUIMIENTO | G132: Placement
A133: acc_132 | B133: Grupo La Máquina | E133: Horeca | F133: SEGUIMIENTO | G133: Placement
A134: acc_133 | B134: Ostas Pedrín | E134: Horeca | F134: SEGUIMIENTO | G134: Placement
A135: acc_134 | B135: Bar trafalgar | E135: Horeca | F135: SEGUIMIENTO | G135: Placement
A136: acc_135 | B136: Hermanos Vinagre | E136: Horeca | F136: SEGUIMIENTO | G136: Placement
A137: acc_136 | B137: La Gildería | E137: Horeca | F137: SEGUIMIENTO | G137: Placement
A138: acc_137 | B138: Cañas y Tapas | E138: Horeca | F138: SEGUIMIENTO | G138: Placement
A139: acc_138 | B139: Mama Campo | E139: Horeca | F139: SEGUIMIENTO | G139: Placement
A140: acc_139 | B140: Escola | C140: us_003 | D140: us_003 | E140: Distribuidor | F140: ACTIVA | G140: Direct | I140: 45926
A141: acc_140 | B141: Isla Catavinos | C141: us_004 | D141: us_004 | E141: Distribuidor | F141: ACTIVA | G141: Direct | I141: 45926
A142: acc_141 | B142: Bodegas Jaime | C142: us_004 | D142: us_004 | E142: Distribuidor | F142: ACTIVA | G142: Direct | I142: 45926
A143: acc_142 | B143: Importaciones Cuesta | C143: us_004 | D143: us_004 | E143: Distribuidor | F143: ACTIVA | G143: Direct | I143: 45926
A144: acc_144 | B144: Miguel garcía | C144: us_002 | D144: us_002 | E144: Privada | F144: ACTIVA | G144: Direct | I144: 45926
A145: acc_145 | B145: Alejandra de la oliva | C145: us_002 | D145: us_002 | E145: Privada | F145: ACTIVA | G145: Direct | I145: 45926
A146: acc_146 | B146: Quirites Inmobiliaria | C146: us_002 | D146: us_002 | E146: Privada | F146: ACTIVA | G146: Direct | I146: 45926
A147: acc_147 | B147: Ingo Gestión de activos | C147: us_004 | D147: us_004 | E147: Privada | F147: ACTIVA | G147: Direct | I147: 45913
A148: acc_148 | B148: Carbónicas Alvarez | C148: us_003 | D148: us_003 | E148: Distribuidor | F148: ACTIVA | G148: Direct
A149: acc_149 | B149: Servilline Foods | C149: us_004 | D149: us_004 | E149: Distribuidor | F149: ACTIVA | G149: Direct | I149: 45942
A150: acc_150 | B150: Devnis Menorca | C150: us_004 | D150: us_004 | E150: Distribuidor | F150: ACTIVA | G150: Direct | I150: 45908
A151: acc_151 | B151: Aral | C151: us_004 | D151: us_004 | E151: Distribuidor | F151: ACTIVA | G151: Direct
...

Sheet party
A1: id | B1: tradeName | C1: legalName | D1: taxId | E1: phone | F1: billing adres | G1: peopole | H1: createdAt | I1: zona
A2: acc_001 | B2: Chez Pepito | G2: Romin | I2: Madrid
A3: acc_002 | B3: eMeBe | G3: Miguel | I3: Madrid
A4: acc_003 | B4: Morenas | G4: Eduardo Rozo | I4: Madrid
A5: acc_004 | B5: Chakana | G5: Omar | I5: Zaragoza
A6: acc_005 | B6: El Gordo Velazquez | G6: Jan Paulo y Javier | I6: Madrid
A7: acc_006 | B7: Sabodiga | I7: Menorca
A8: acc_007 | B8: Senor Bigote | G8: Jesus | I8: Menorca
A9: acc_008 | B9: Cristanal y Gradinata | I9: Menorca
A10: acc_009 | B10: Oysters | G10: Tobi | I10: Menorca
A11: acc_010 | B11: Sa Tintina | G11: Alex | I11: Menorca
A12: acc_011 | B12: Aqui hay Tomate | I12: Menorca
A13: acc_012 | B13: Cova den Xoroi | I13: Menorca
A14: acc_013 | B14: Madrid al Cielo | I14: Menorca
A15: acc_014 | B15: Bar Augustin | G15: Patri | I15: Menorca
A16: acc_015 | B16: Supermercado melo | G16: Ana | I16: Madrid
A17: acc_016 | B17: Cervecería Santa Barbara | G17: Álvaro | I17: Madrid
A18: acc_017 | B18: Catering the cook | G18: Silvia Lodares | I18: Madrid
A19: acc_018 | B19: Bulo | G19: Manu Cabello | I19: Madrid
A20: acc_019 | B20: Joselito | G20: Carlos y jose Gómez | I20: Madrid
A21: acc_020 | B21: Adrede | G21: Angel | I21: Madrid
A22: acc_021 | B22: Las tablas | G22: Borja | I22: Madrid
A23: acc_022 | B23: Gabys Bagels | G23: Baby y Rafa | I23: Madrid
A24: acc_023 | B24: Delirium | G24: Lu | I24: Madrid
A25: acc_024 | B25: Terraza campo del moro | G25: Luna | I25: Madrid
A26: acc_025 | B26: Abacería Macarena | G26: Luis Magaña | I26: Madrid
A27: acc_026 | B27: Cockatil Bar 1885 | I27: Zaragoza
A28: acc_027 | B28: La embajada | I28: Zaragoza
A29: acc_028 | B29: Tiare Beach Club | I29: Girona
A30: acc_029 | B30: Stop Supermercado | I30: Ibiza
A31: acc_030 | B31: Flahertys | I31: Ibiza
A32: acc_031 | B32: Burdel de Foc | G32: Fran | I32: Menorca
A33: acc_032 | B33: Filemon | I33: Madrid
A34: acc_033 | B34: La Rubia | G34: Nene | I34: Madrid
A35: acc_034 | B35: Grupo dejate llevar | G35: Guiller Bragado | I35: Madrid
A36: acc_035 | B36: Las Terrazas | G36: El patillas | I36: Madrid
A37: acc_036 | B37: Lanteo | G37: Berni Landeta | I37: Madrid
A38: acc_037 | B38: Grupo Dani García | G38: Dani García | I38: Anadalucía
A39: acc_038 | B39: Corte Inglés | G39: Marta Álvarez | I39: Madrid
A40: acc_039 | B40: Marea | G40: Alex | I40: Madrid
A41: acc_040 | B41: Grupo Paladium | G41: Dani Sakovic Matutes | I41: Madrid
A42: acc_041 | B42: Catering Samantha | G42: Samantha | I42: Madrid
A43: acc_042 | B43: Varma | I43: Madrid
A44: acc_043 | B44: Grupo Triciclo | I44: Madrid
A45: acc_044 | B45: Grupo Mentidero | I45: Madrid
A46: acc_045 | B46: Palacio de Alcala | I46: Madrid
A47: acc_046 | B47: Golda | I47: Madrid
A48: acc_047 | B48: Casa Ortega | G48: Gonzalo Ortega | I48: Madrid
A49: acc_048 | B49: Mantequerias Bravo | I49: Madrid
A50: acc_049 | B50: Taberna Pedraza | G50: Santigo Pedraza | I50: Madrid
A51: acc_050 | B51: La maquina Jorge Juan | I51: Madrid
A52: acc_051 | B52: Costa Este | E52: 635139463 | G52: Roberto compras | I52: Barcelona
A53: acc_052 | B53: Hotel Welington | I53: Madrid
A54: acc_053 | B54: Trocadero | I54: Madrid, Anadalucía
A55: acc_054 | B55: Fondeo | I55: Madrid
A56: acc_055 | B56: El Enemigo | I56: Madrid
A57: acc_056 | B57: Copa de Balón | I57: Madrid
A58: acc_057 | B58: Rel Club de Golf Sotogrande | G58: Kostka | I58: Anadalucía
A59: acc_058 | B59: Wondermarket. Keila | I59: Madrid
